-- MariaDB dump 10.19  Distrib 10.6.4-MariaDB, for Linux (x86_64)
--
-- Host: 127.0.0.1    Database: estoque
-- ------------------------------------------------------
-- Server version	8.0.26

/*!40101 SET @OLD_CHARACTER_SET_CLIENT=@@CHARACTER_SET_CLIENT */;
/*!40101 SET @OLD_CHARACTER_SET_RESULTS=@@CHARACTER_SET_RESULTS */;
/*!40101 SET @OLD_COLLATION_CONNECTION=@@COLLATION_CONNECTION */;
/*!40101 SET NAMES utf8mb4 */;
/*!40103 SET @OLD_TIME_ZONE=@@TIME_ZONE */;
/*!40103 SET TIME_ZONE='+00:00' */;
/*!40014 SET @OLD_UNIQUE_CHECKS=@@UNIQUE_CHECKS, UNIQUE_CHECKS=0 */;
/*!40014 SET @OLD_FOREIGN_KEY_CHECKS=@@FOREIGN_KEY_CHECKS, FOREIGN_KEY_CHECKS=0 */;
/*!40101 SET @OLD_SQL_MODE=@@SQL_MODE, SQL_MODE='NO_AUTO_VALUE_ON_ZERO' */;
/*!40111 SET @OLD_SQL_NOTES=@@SQL_NOTES, SQL_NOTES=0 */;

--
-- Table structure for table `creators`
--

DROP TABLE IF EXISTS `creators`;
/*!40101 SET @saved_cs_client     = @@character_set_client */;
/*!40101 SET character_set_client = utf8 */;
CREATE TABLE `creators` (
  `id` bigint unsigned NOT NULL AUTO_INCREMENT,
  `creator` varchar(255) NOT NULL,
  PRIMARY KEY (`id`)
) ENGINE=InnoDB AUTO_INCREMENT=587 DEFAULT CHARSET=utf8mb4 COLLATE=utf8mb4_0900_ai_ci;
/*!40101 SET character_set_client = @saved_cs_client */;

--
-- Dumping data for table `creators`
--

LOCK TABLES `creators` WRITE;
/*!40000 ALTER TABLE `creators` DISABLE KEYS */;
INSERT INTO `creators` VALUES (1,'Stanley Kubrick Productions'),(2,'Metro-Goldwyn-Mayer'),(3,'Universal Pictures'),(4,'Atlas Entertainment'),(5,'Classico'),(6,'Vía Digital'),(7,'Good Machine'),(8,'El Deseo'),(9,'Atresmedia'),(10,'Mikona Productions GmbH & Co. KG'),(11,'Imagine Entertainment'),(12,'Columbia Pictures'),(13,'Castle Rock Entertainment'),(14,'Malpaso Productions'),(15,'Eurimages'),(16,'Lama Films'),(17,'Augustus Film'),(18,'Lama Productions'),(19,'Lumer Films'),(20,'Filmstiftung Nordrhein-Westfalen'),(21,'Razor Film Produktion'),(22,'Nederlands Fonds voor de Film'),(23,'ARTE France Cinéma'),(24,'Medienboard Berlin-Brandenburg'),(25,'Hazazah Pictures'),(26,'Embassy International Pictures'),(27,'Mars Media Beteiligungs'),(28,'Tree Line Films'),(29,'Konrad Pictures'),(30,'Catfish Productions'),(31,'Fox 2000 Pictures'),(32,'Lakeshore Entertainment'),(33,'Epsilon Motion Pictures'),(34,'Albert S. Ruddy Productions'),(35,'Warner Bros. Pictures'),(36,'StudioCanal'),(37,'BBC Films'),(38,'Tiger Aspect Productions'),(39,'Arts Council of England'),(40,'Working Title Films'),(41,'WT2 Productions'),(42,'New Line Cinema'),(43,'Savoy Pictures'),(44,'The Turman-Morrissey Company'),(45,'Paramount'),(46,'Amblin Entertainment'),(47,'Cruise/Wagner Productions'),(48,'DreamWorks Pictures'),(49,'Tim Burton Productions'),(50,'Filmhaus Films'),(51,'Detour Filmproduction'),(52,'Summit Entertainment'),(53,'Newmarket Capital Group'),(54,'Team Todd'),(55,'I Remember Productions'),(56,'Shaw Brothers'),(57,'The Ladd Company'),(58,'Beijing New Picture Film Co. Ltd.'),(59,'China Film Co-Production Corporation'),(60,'Miramax'),(61,'Warner Independent Pictures (WIP)'),(62,'Topcraft'),(63,'Metropolis Films'),(64,'Forward Pass'),(65,'Motion Picture ETA Produktionsgesellschaft'),(66,'Foqus Arte Digital'),(67,'Michael Mann Productions'),(68,'Plunge Pictures LLC'),(69,'Lucasfilm Ltd.'),(70,'MOOVIE GmbH'),(71,'Medienfonds German Film Productions GmbH & Co. KG'),(72,'Constantin Film'),(73,'Great American Films Limited Partnership'),(74,'Vestron Pictures'),(75,'Lionsgate'),(76,'Eddie Murphy Productions'),(77,'Don Simpson/Jerry Bruckheimer Films'),(78,'Ramón Acín'),(79,'Lotus-Film'),(80,'Fama Film AG'),(81,'Hamburger Filmschule'),(82,'Touchstone Pictures'),(83,'Jerry Bruckheimer Films'),(84,'Valhalla Motion Pictures'),(85,'Lisberger/Kushner'),(86,'Walt Disney Productions'),(87,'Scott Free Productions'),(88,'Red Wagon Entertainment'),(89,'Mill Film'),(90,'C & L'),(91,'Dawliz'),(92,'Renn Productions'),(93,'France 2 Cinéma'),(94,'The Steve Tisch Company'),(95,'SKA Films'),(96,'PolyGram Filmed Entertainment'),(97,'HandMade Films'),(98,'Gaumont'),(99,'Les Films du Dauphin'),(100,'Zentropa Entertainments'),(101,'Det Danske Filminstitut'),(102,'Italo/Judeo Productions'),(103,'Bill/Phillips'),(104,'X Filme Creative Pool'),(105,'WDR'),(106,'Silver Pictures'),(107,'20th Century Fox'),(108,'Lawrence Gordon Productions'),(109,'Davis Entertainment'),(110,'Screen Gems'),(111,'France 3 Cinéma'),(112,'CED Productions'),(113,'Le Studio Canal+'),(114,'Zespół Filmowy TOR'),(115,'TSR'),(116,'LJ Film'),(117,'Korea Pictures'),(118,'Cineclick Asia'),(119,'Cinesoul'),(120,'Mirae Asset Capital'),(121,'Muhan Investment'),(122,'Pandora Film'),(123,'Silver Screen Partners IV'),(124,'Gramercy Pictures'),(125,'Village Roadshow Pictures'),(126,'The Zanuck Company'),(127,'Theobald Film Productions'),(128,'Plan B Entertainment'),(129,'WingNut Films'),(130,'The Saul Zaentz Company'),(131,'Fantasy Films'),(132,'Bakshi Productions'),(133,'Saul Zaentz Film Productions'),(134,'Film Polski'),(135,'Studio Filmowe Tor'),(136,'WFD'),(137,'Zespól Filmowy \"Tor\"'),(138,'TVP'),(139,'Studio Ghibli'),(140,'Nibariki'),(141,'DENTSU Music And Entertainment'),(142,'TNDG'),(143,'Tokuma Shoten'),(144,'Nippon Television Network Corporation'),(145,'Maysles Films'),(146,'Drew Associates'),(147,'Time'),(148,'Mike Zoss Productions'),(149,'Leacock-Pennebaker, Inc.'),(150,'Nimbus Film'),(151,'Danmarks Radio (DR)'),(152,'SVT Drama'),(153,'Canal+ España'),(154,'TVE'),(155,'Flower Films'),(156,'Gaylord Films'),(157,'Adam Fields Productions'),(158,'Pandora Cinema'),(159,'Focus Features'),(160,'River Road Entertainment'),(161,'Alberta Film Entertainment'),(162,'Argos Films'),(163,'Wim Wenders Stiftung'),(164,'ARD'),(165,'Road Movies'),(166,'Trust Film'),(167,'Columbia Pictures Film Production Asia'),(168,'EDKO Film'),(169,'Asia Union Film & Entertainment Ltd.'),(170,'United China Vision'),(171,'Zoom Hunt International Productions Company Ltd.'),(172,'Les Films du Carrosse'),(173,'Sédif Productions'),(174,'Hotshot Films'),(175,'Akira Committee Company Ltd.'),(176,'MBS'),(177,'Sumitomo Corporation'),(178,'Toho Co.'),(179,'Studio Fuga'),(180,'Studio Aoi'),(181,'TMS Entertainment'),(182,'Kodansha'),(183,'Bandai Entertainment Inc.'),(184,'American Zoetrope'),(185,'Tohokushinsha Film Corporation'),(186,'Elemental Films'),(187,'DC Comics'),(188,'Legendary Pictures'),(189,'Syncopy'),(190,'Isobel Griffiths'),(191,'DC Entertainment'),(192,'Les Films du Losange'),(193,'Nordisk Film'),(194,'Scottish Screen'),(195,'TV 2'),(196,'The Glasgow Film Fund'),(197,'Olga-Film GmbH (München)'),(198,'Lumière'),(199,'Productions Marcel Dassault'),(200,'Gaumont International'),(201,'Intermedia Films'),(202,'Pathé Pictures International'),(203,'IMF Internationale Medien und Film GmbH & Co. 3. Produktions KG'),(204,'DNA Films'),(205,'Walt Disney Pictures'),(206,'Twisted Pictures'),(207,'Evolution Entertainment'),(208,'Saw Productions Inc.'),(209,'TriStar Pictures'),(210,'Trilogy Entertainment Group'),(211,'Mirage Enterprises'),(212,'Misher Films'),(213,'Motion Picture JOTA Produktions'),(214,'Digital Image Associates'),(215,'Blue Tulip Productions'),(216,'Ronald Shusett/Gary Goldman'),(217,'Sunset Gower Studios'),(218,'Section Eight'),(219,'Carolco Pictures'),(220,'Finnegan/Pinchuk Productions'),(221,'Pipeline Productions'),(222,'A Band Apart'),(223,'Lawrence Bender Productions'),(224,'Mighty Mighty Afrodite Productions'),(225,'Hawk Films'),(226,'The Weinstein Company'),(227,'FilmEngine'),(228,'Capitol Films'),(229,'Ascendant Pictures'),(230,'VIP Medienfonds 4'),(231,'Lucky Number Slevin Productions Inc.'),(232,'Dimension Films'),(233,'Troublemaker Studios'),(234,'Residaco'),(235,'Aldamisa Entertainment'),(236,'Demarest Films'),(237,'Solipsist Film'),(238,'AR Films'),(239,'Schramm Film'),(240,'HR'),(241,'ARTE'),(242,'Algarve Filmes'),(243,'Cristaldifilm'),(244,'Les Films Ariane'),(245,'ZDF'),(246,'RAI'),(247,'Claudie Ossard Productions'),(248,'MMC Independent'),(249,'Tapioca Films'),(250,'Sofica Sofinergie 5'),(251,'Victoires Productions'),(252,'Canal+'),(253,'Union Générale Cinématographique (UGC)'),(254,'UGC'),(255,'Icon Entertainment International'),(256,'B.H. Finance C.V.'),(257,'United Artists'),(258,'Scorsese Productions'),(259,'Compagnie Industrielle et Commerciale Cinématographique (CICC)'),(260,'Véra Films'),(261,'Fono Roma'),(262,'Filmsonor'),(263,'Sixth Sense Productions'),(264,'Lions Gate Films'),(265,'Industrial Development Corporation of South Africa'),(266,'Miracle Pictures'),(267,'Inside Track Films'),(268,'Mikado Film'),(269,'Endgame Entertainment'),(270,'Buena Vista International'),(271,'Luna Filmproduktion'),(272,'Filmboard Berlin-Brandenburg (FBB)'),(273,'Ostdeutscher Rundfunk Brandenburg'),(274,'Deutsche Film- und Fernsehakademie Berlin (DFFB)'),(275,'Got Films'),(276,'Saw 2 Productions'),(277,'Tango Film'),(278,'Filmverlag der Autoren'),(279,'The Kennedy/Marshall Company'),(280,'Orion Pictures'),(281,'Pacific Western'),(282,'Hemdale Film'),(283,'Cinema 84'),(284,'Euro Film Funding'),(285,'Sony Pictures Classics'),(286,'Deutsche Vereinsfilm AG'),(287,'Fox Europa Produktion'),(288,'Selznick International Pictures'),(289,'Zespól Filmowy \"X\"'),(290,'Film Polski Film Agency'),(291,'UFA'),(292,'Participant'),(293,'4M'),(294,'FilmWorks'),(295,'MID Foundation'),(296,'Warner Bros. Home Entertainment Group'),(297,'Decla Film Gesellschaft Holz & Co.'),(298,'Act III Productions'),(299,'Recorded Picture Company'),(300,'Alfran Productions'),(301,'The Mirisch Company'),(302,'Ashton Productions'),(303,'The Coppola Company'),(304,'J D Productions'),(305,'Regency Enterprises'),(306,'Alcor Films'),(307,'Ixtlan'),(308,'New Regency Pictures'),(309,'Buena Vista Pictures'),(310,'RKO Radio Pictures'),(311,'Office Kitano'),(312,'Saito Entertainment'),(313,'Tokyo FM Broadcasting Company'),(314,'Bandai Visual'),(315,'Harris-Kubrick Productions'),(316,'Franton Production'),(317,'Jersey Films'),(318,'Gracie Films'),(470,'TV Tokyo'),(471,'Aniplex'),(472,'Dentsu'),(473,'Trinity Sound'),(474,'Audio Highs'),(475,'Miracle Robo'),(476,'Shueisha'),(477,'TV Osaka'),(478,'Nihon Ad Systems'),(479,'Hakusensha'),(480,'Avex Pictures'),(481,'TMS Music'),(482,'Shochiku'),(483,'Mag Garden'),(484,'Madhouse'),(485,'VAP'),(486,'Yomiuri Telecasting'),(487,'Kadokawa Shoten'),(488,'Toho'),(489,'Hiroshima Television'),(490,'Production I.G'),(491,'Mainichi Broadcasting System'),(492,'Pony Canyon'),(493,'Techno Sound'),(494,'Pony Canyon Enterprise'),(495,'Lantis'),(496,'Rakuonsha'),(497,'ABC Animation'),(498,'Animation Do'),(499,'Delfi Sound'),(500,'Haoliners Animation League'),(501,'bilibili'),(502,'Sound Team Don Juan'),(503,'Amuse'),(504,'JR East Marketing & Communications'),(505,'Kadokawa'),(506,'voque ting'),(507,'Tencent Penguin Pictures'),(508,'Quaras'),(509,'Bandai'),(510,'Warner Bros. Japan'),(511,'Konami'),(512,'Ashi Production'),(513,'Nippon Television Network'),(514,'Miracle Bus'),(515,'TOHO animation'),(516,'dugout'),(517,'Sumzap'),(518,'Twin Engine'),(519,'Square Enix'),(520,'Studio Moriken'),(521,'Annapuru'),(522,'TV Asahi'),(523,'Animax'),(524,'Frontier Works'),(525,'Media Factory'),(526,'Movic'),(527,'AT-X'),(528,'Kadokawa Pictures Japan'),(529,'Nitroplus'),(530,'Fuji TV'),(531,'Shogakukan'),(532,'Notes'),(533,'Takeshobo'),(534,'Sony Music Communications'),(535,'Kadokawa Media House'),(536,'Cygames'),(537,'Kanetsu Investment'),(538,'Global Solutions'),(539,'Sony Music Entertainment'),(540,'Bandai Namco Entertainment'),(541,'Hakuhodo DY Media Partners'),(542,'NHK'),(543,'TAP'),(544,'Asatsu DK'),(545,'Banpresto'),(546,'Good Smile Company'),(547,'Asmik Ace'),(548,'Kyoraku Industrial Holdings'),(549,'Science SARU'),(550,'Docomo Anime Store'),(551,'NewGin'),(552,'Crunchyroll SC Anime Fund'),(553,'TBS'),(554,'KlockWorx'),(555,'BS Fuji'),(556,'Hakuhodo DY Music & Pictures'),(557,'CA-Cygames Anime Fund'),(558,'d-rights'),(559,'Sonilude'),(560,'Fujipacific Music'),(561,'DAX Production'),(562,'King Records'),(563,'Medicos Entertainment'),(564,'Victor Entertainment'),(565,'Avex Entertainment'),(566,'Marvelous'),(567,'SKY Perfect Well Think'),(568,'Half H.P Studio'),(569,'MAGES.'),(570,'DeNA'),(571,'Tokyo MX'),(572,'Nagoya Broadcasting Network'),(573,'BS11'),(574,'Seikaisha'),(575,'Kitty Films'),(576,'Tokuma Japan Communications'),(577,'Starchild Records'),(578,'Cyclone Graphics'),(579,'Studio Hibari'),(580,'Kansai Telecasting'),(581,'Toei Animation'),(582,'Sega'),(583,'TV Tokyo Music'),(584,'Audio Tanaka'),(585,'Shogakukan-Shueisha Productions'),(586,'Studio Jack');
/*!40000 ALTER TABLE `creators` ENABLE KEYS */;
UNLOCK TABLES;

--
-- Table structure for table `genres`
--

DROP TABLE IF EXISTS `genres`;
/*!40101 SET @saved_cs_client     = @@character_set_client */;
/*!40101 SET character_set_client = utf8 */;
CREATE TABLE `genres` (
  `id` bigint unsigned NOT NULL AUTO_INCREMENT,
  `genre` varchar(255) NOT NULL,
  PRIMARY KEY (`id`)
) ENGINE=InnoDB AUTO_INCREMENT=91 DEFAULT CHARSET=utf8mb4 COLLATE=utf8mb4_0900_ai_ci;
/*!40101 SET character_set_client = @saved_cs_client */;

--
-- Dumping data for table `genres`
--

LOCK TABLES `genres` WRITE;
/*!40000 ALTER TABLE `genres` DISABLE KEYS */;
INSERT INTO `genres` VALUES (7,'Science Fiction'),(8,'Mystery'),(9,'Adventure'),(10,'Thriller'),(11,'Drama'),(12,'Romance'),(13,'Music'),(14,'Crime'),(15,'Action'),(16,'Comedy'),(17,'Fantasy'),(18,'History'),(19,'Animation'),(20,'Horror'),(21,'Documentary'),(22,'Family'),(23,'TV Movie'),(24,'War'),(67,'Historical'),(68,'Parody'),(69,'Samurai'),(70,'Sci-Fi'),(71,'Shounen'),(72,'Demons'),(73,'Supernatural'),(74,'Slice of Life'),(75,'Shoujo'),(76,'Martial Arts'),(77,'Military'),(78,'Super Power'),(79,'School'),(80,'Seinen'),(81,'Magic'),(82,'Police'),(83,'Psychological'),(84,'Vampire'),(85,'Sports'),(86,'Space'),(87,'Mecha'),(88,'Game'),(89,'Josei'),(90,'Dementia');
/*!40000 ALTER TABLE `genres` ENABLE KEYS */;
UNLOCK TABLES;

--
-- Table structure for table `review_likes`
--

DROP TABLE IF EXISTS `review_likes`;
/*!40101 SET @saved_cs_client     = @@character_set_client */;
/*!40101 SET character_set_client = utf8 */;
CREATE TABLE `review_likes` (
  `id` bigint unsigned NOT NULL AUTO_INCREMENT,
  `user_id` bigint unsigned NOT NULL,
  `reviews_id` bigint unsigned NOT NULL,
  `type` int NOT NULL COMMENT 'like/dislike\r\n',
  `created` timestamp NOT NULL DEFAULT CURRENT_TIMESTAMP,
  PRIMARY KEY (`id`),
  KEY `review_likes_reviews` (`reviews_id`),
  KEY `review_likes_user` (`user_id`),
  CONSTRAINT `review_likes_reviews` FOREIGN KEY (`reviews_id`) REFERENCES `reviews` (`id`),
  CONSTRAINT `review_likes_user` FOREIGN KEY (`user_id`) REFERENCES `user` (`id`)
) ENGINE=InnoDB AUTO_INCREMENT=51 DEFAULT CHARSET=utf8mb4 COLLATE=utf8mb4_0900_ai_ci;
/*!40101 SET character_set_client = @saved_cs_client */;

--
-- Dumping data for table `review_likes`
--

LOCK TABLES `review_likes` WRITE;
/*!40000 ALTER TABLE `review_likes` DISABLE KEYS */;
INSERT INTO `review_likes` VALUES (1,364,10,0,'2021-09-13 23:31:42'),(2,359,13,1,'2021-09-13 23:31:42'),(3,304,73,3,'2021-09-13 23:31:42'),(4,281,97,1,'2021-09-13 23:31:43'),(5,275,62,1,'2021-09-13 23:31:43'),(6,371,68,1,'2021-09-13 23:31:43'),(7,291,18,0,'2021-09-13 23:31:43'),(8,483,76,0,'2021-09-13 23:31:43'),(9,200,99,0,'2021-09-13 23:31:43'),(10,216,46,0,'2021-09-13 23:31:44'),(11,217,24,2,'2021-09-13 23:31:44'),(12,426,8,2,'2021-09-13 23:31:44'),(13,485,51,3,'2021-09-13 23:31:44'),(14,381,54,1,'2021-09-13 23:31:44'),(15,216,94,3,'2021-09-13 23:31:44'),(16,425,3,3,'2021-09-13 23:31:44'),(17,334,66,0,'2021-09-13 23:31:44'),(18,308,67,1,'2021-09-13 23:31:44'),(19,248,74,1,'2021-09-13 23:31:45'),(20,341,26,1,'2021-09-13 23:31:45'),(21,496,83,2,'2021-09-13 23:31:45'),(22,211,1,0,'2021-09-13 23:31:45'),(23,383,86,0,'2021-09-13 23:31:45'),(24,431,71,0,'2021-09-13 23:31:45'),(25,414,8,2,'2021-09-13 23:31:45'),(26,218,42,1,'2021-09-13 23:31:45'),(27,408,30,3,'2021-09-13 23:31:45'),(28,209,79,2,'2021-09-13 23:31:46'),(29,243,57,2,'2021-09-13 23:31:46'),(30,244,1,0,'2021-09-13 23:31:46'),(31,479,94,0,'2021-09-13 23:31:46'),(32,379,31,0,'2021-09-13 23:31:46'),(33,438,21,0,'2021-09-13 23:31:46'),(34,354,53,2,'2021-09-13 23:31:46'),(35,343,42,3,'2021-09-13 23:31:46'),(36,277,99,2,'2021-09-13 23:31:47'),(37,295,4,3,'2021-09-13 23:31:47'),(38,484,5,3,'2021-09-13 23:31:47'),(39,356,77,0,'2021-09-13 23:31:47'),(40,225,31,2,'2021-09-13 23:31:47'),(41,205,3,3,'2021-09-13 23:31:47'),(42,219,47,2,'2021-09-13 23:31:47'),(43,332,21,1,'2021-09-13 23:31:47'),(44,353,91,3,'2021-09-13 23:31:47'),(45,249,88,3,'2021-09-13 23:31:48'),(46,242,92,0,'2021-09-13 23:31:48'),(47,369,34,3,'2021-09-13 23:31:48'),(48,366,10,2,'2021-09-13 23:31:48'),(49,312,87,0,'2021-09-13 23:31:48'),(50,235,24,2,'2021-09-13 23:31:48');
/*!40000 ALTER TABLE `review_likes` ENABLE KEYS */;
UNLOCK TABLES;

--
-- Table structure for table `reviews`
--

DROP TABLE IF EXISTS `reviews`;
/*!40101 SET @saved_cs_client     = @@character_set_client */;
/*!40101 SET character_set_client = utf8 */;
CREATE TABLE `reviews` (
  `id` bigint unsigned NOT NULL AUTO_INCREMENT,
  `user_id` bigint unsigned NOT NULL,
  `works_id` bigint unsigned NOT NULL,
  `reviews_id` bigint unsigned DEFAULT NULL,
  `score` int NOT NULL,
  `review` text,
  `created` timestamp NOT NULL DEFAULT CURRENT_TIMESTAMP,
  PRIMARY KEY (`id`),
  KEY `reviews_reviews` (`reviews_id`),
  KEY `reviews_user` (`user_id`),
  KEY `reviews_works` (`works_id`),
  CONSTRAINT `reviews_reviews` FOREIGN KEY (`reviews_id`) REFERENCES `reviews` (`id`),
  CONSTRAINT `reviews_user` FOREIGN KEY (`user_id`) REFERENCES `user` (`id`),
  CONSTRAINT `reviews_works` FOREIGN KEY (`works_id`) REFERENCES `works` (`id`)
) ENGINE=InnoDB AUTO_INCREMENT=101 DEFAULT CHARSET=utf8mb4 COLLATE=utf8mb4_0900_ai_ci;
/*!40101 SET character_set_client = @saved_cs_client */;

--
-- Dumping data for table `reviews`
--

LOCK TABLES `reviews` WRITE;
/*!40000 ALTER TABLE `reviews` DISABLE KEYS */;
INSERT INTO `reviews` VALUES (1,6,57,NULL,27,'Phasellus sit amet erat. Nulla tempus. Vivamus in felis eu sapien cursus vestibulum.\r\n\r\nProin eu mi. Nulla ac enim. In tempor, turpis nec euismod scelerisque, quam turpis adipiscing lorem, vitae mattis nibh ligula nec sem.\r\n\r\nDuis aliquam convallis nunc. Proin at turpis a pede posuere nonummy. Integer non velit.','2021-09-13 23:21:13'),(2,29,113,NULL,28,'Curabitur gravida nisi at nibh. In hac habitasse platea dictumst. Aliquam augue quam, sollicitudin vitae, consectetuer eget, rutrum at, lorem.\r\n\r\nInteger tincidunt ante vel ipsum. Praesent blandit lacinia erat. Vestibulum sed magna at nunc commodo placerat.\r\n\r\nPraesent blandit. Nam nulla. Integer pede justo, lacinia eget, tincidunt eget, tempus vel, pede.','2021-09-13 23:21:13'),(3,48,63,NULL,67,'Nullam sit amet turpis elementum ligula vehicula consequat. Morbi a ipsum. Integer a nibh.\r\n\r\nIn quis justo. Maecenas rhoncus aliquam lacus. Morbi quis tortor id nulla ultrices aliquet.','2021-09-13 23:21:13'),(4,76,135,NULL,40,'Pellentesque at nulla. Suspendisse potenti. Cras in purus eu magna vulputate luctus.\r\n\r\nCum sociis natoque penatibus et magnis dis parturient montes, nascetur ridiculus mus. Vivamus vestibulum sagittis sapien. Cum sociis natoque penatibus et magnis dis parturient montes, nascetur ridiculus mus.\r\n\r\nEtiam vel augue. Vestibulum rutrum rutrum neque. Aenean auctor gravida sem.','2021-09-13 23:21:14'),(5,2,67,NULL,69,'Praesent id massa id nisl venenatis lacinia. Aenean sit amet justo. Morbi ut odio.\r\n\r\nCras mi pede, malesuada in, imperdiet et, commodo vulputate, justo. In blandit ultrices enim. Lorem ipsum dolor sit amet, consectetuer adipiscing elit.\r\n\r\nProin interdum mauris non ligula pellentesque ultrices. Phasellus id sapien in sapien iaculis congue. Vivamus metus arcu, adipiscing molestie, hendrerit at, vulputate vitae, nisl.','2021-09-13 23:21:14'),(6,87,97,NULL,59,'Proin eu mi. Nulla ac enim. In tempor, turpis nec euismod scelerisque, quam turpis adipiscing lorem, vitae mattis nibh ligula nec sem.\r\n\r\nDuis aliquam convallis nunc. Proin at turpis a pede posuere nonummy. Integer non velit.','2021-09-13 23:21:14'),(7,191,50,NULL,17,'Mauris enim leo, rhoncus sed, vestibulum sit amet, cursus id, turpis. Integer aliquet, massa id lobortis convallis, tortor risus dapibus augue, vel accumsan tellus nisi eu orci. Mauris lacinia sapien quis libero.\r\n\r\nNullam sit amet turpis elementum ligula vehicula consequat. Morbi a ipsum. Integer a nibh.','2021-09-13 23:21:14'),(8,90,101,NULL,100,'Maecenas ut massa quis augue luctus tincidunt. Nulla mollis molestie lorem. Quisque ut erat.\r\n\r\nCurabitur gravida nisi at nibh. In hac habitasse platea dictumst. Aliquam augue quam, sollicitudin vitae, consectetuer eget, rutrum at, lorem.\r\n\r\nInteger tincidunt ante vel ipsum. Praesent blandit lacinia erat. Vestibulum sed magna at nunc commodo placerat.','2021-09-13 23:21:14'),(9,5,154,NULL,74,'Integer tincidunt ante vel ipsum. Praesent blandit lacinia erat. Vestibulum sed magna at nunc commodo placerat.\r\n\r\nPraesent blandit. Nam nulla. Integer pede justo, lacinia eget, tincidunt eget, tempus vel, pede.','2021-09-13 23:21:14'),(10,4,72,NULL,16,'In hac habitasse platea dictumst. Etiam faucibus cursus urna. Ut tellus.\r\n\r\nNulla ut erat id mauris vulputate elementum. Nullam varius. Nulla facilisi.\r\n\r\nCras non velit nec nisi vulputate nonummy. Maecenas tincidunt lacus at velit. Vivamus vel nulla eget eros elementum pellentesque.','2021-09-13 23:21:15'),(11,130,132,NULL,7,'Maecenas ut massa quis augue luctus tincidunt. Nulla mollis molestie lorem. Quisque ut erat.\r\n\r\nCurabitur gravida nisi at nibh. In hac habitasse platea dictumst. Aliquam augue quam, sollicitudin vitae, consectetuer eget, rutrum at, lorem.','2021-09-13 23:21:15'),(12,192,64,NULL,48,'Duis aliquam convallis nunc. Proin at turpis a pede posuere nonummy. Integer non velit.\r\n\r\nDonec diam neque, vestibulum eget, vulputate ut, ultrices vel, augue. Vestibulum ante ipsum primis in faucibus orci luctus et ultrices posuere cubilia Curae; Donec pharetra, magna vestibulum aliquet ultrices, erat tortor sollicitudin mi, sit amet lobortis sapien sapien non mi. Integer ac neque.','2021-09-13 23:21:15'),(13,194,115,NULL,55,'Proin interdum mauris non ligula pellentesque ultrices. Phasellus id sapien in sapien iaculis congue. Vivamus metus arcu, adipiscing molestie, hendrerit at, vulputate vitae, nisl.\r\n\r\nAenean lectus. Pellentesque eget nunc. Donec quis orci eget orci vehicula condimentum.','2021-09-13 23:21:15'),(14,3,31,NULL,38,'Proin eu mi. Nulla ac enim. In tempor, turpis nec euismod scelerisque, quam turpis adipiscing lorem, vitae mattis nibh ligula nec sem.\r\n\r\nDuis aliquam convallis nunc. Proin at turpis a pede posuere nonummy. Integer non velit.\r\n\r\nDonec diam neque, vestibulum eget, vulputate ut, ultrices vel, augue. Vestibulum ante ipsum primis in faucibus orci luctus et ultrices posuere cubilia Curae; Donec pharetra, magna vestibulum aliquet ultrices, erat tortor sollicitudin mi, sit amet lobortis sapien sapien non mi. Integer ac neque.','2021-09-13 23:21:15'),(15,84,23,NULL,28,'Donec diam neque, vestibulum eget, vulputate ut, ultrices vel, augue. Vestibulum ante ipsum primis in faucibus orci luctus et ultrices posuere cubilia Curae; Donec pharetra, magna vestibulum aliquet ultrices, erat tortor sollicitudin mi, sit amet lobortis sapien sapien non mi. Integer ac neque.\r\n\r\nDuis bibendum. Morbi non quam nec dui luctus rutrum. Nulla tellus.','2021-09-13 23:21:15'),(16,125,99,NULL,15,'Maecenas ut massa quis augue luctus tincidunt. Nulla mollis molestie lorem. Quisque ut erat.\r\n\r\nCurabitur gravida nisi at nibh. In hac habitasse platea dictumst. Aliquam augue quam, sollicitudin vitae, consectetuer eget, rutrum at, lorem.\r\n\r\nInteger tincidunt ante vel ipsum. Praesent blandit lacinia erat. Vestibulum sed magna at nunc commodo placerat.','2021-09-13 23:21:15'),(17,132,105,NULL,26,'Phasellus sit amet erat. Nulla tempus. Vivamus in felis eu sapien cursus vestibulum.\r\n\r\nProin eu mi. Nulla ac enim. In tempor, turpis nec euismod scelerisque, quam turpis adipiscing lorem, vitae mattis nibh ligula nec sem.','2021-09-13 23:21:15'),(18,133,37,NULL,32,'Suspendisse potenti. In eleifend quam a odio. In hac habitasse platea dictumst.\r\n\r\nMaecenas ut massa quis augue luctus tincidunt. Nulla mollis molestie lorem. Quisque ut erat.\r\n\r\nCurabitur gravida nisi at nibh. In hac habitasse platea dictumst. Aliquam augue quam, sollicitudin vitae, consectetuer eget, rutrum at, lorem.','2021-09-13 23:21:16'),(19,87,51,NULL,28,'Curabitur in libero ut massa volutpat convallis. Morbi odio odio, elementum eu, interdum eu, tincidunt in, leo. Maecenas pulvinar lobortis est.\r\n\r\nPhasellus sit amet erat. Nulla tempus. Vivamus in felis eu sapien cursus vestibulum.\r\n\r\nProin eu mi. Nulla ac enim. In tempor, turpis nec euismod scelerisque, quam turpis adipiscing lorem, vitae mattis nibh ligula nec sem.','2021-09-13 23:21:16'),(20,58,85,NULL,100,'Nullam sit amet turpis elementum ligula vehicula consequat. Morbi a ipsum. Integer a nibh.\r\n\r\nIn quis justo. Maecenas rhoncus aliquam lacus. Morbi quis tortor id nulla ultrices aliquet.','2021-09-13 23:21:16'),(21,126,140,NULL,9,'Curabitur in libero ut massa volutpat convallis. Morbi odio odio, elementum eu, interdum eu, tincidunt in, leo. Maecenas pulvinar lobortis est.\r\n\r\nPhasellus sit amet erat. Nulla tempus. Vivamus in felis eu sapien cursus vestibulum.\r\n\r\nProin eu mi. Nulla ac enim. In tempor, turpis nec euismod scelerisque, quam turpis adipiscing lorem, vitae mattis nibh ligula nec sem.','2021-09-13 23:21:16'),(22,186,26,NULL,5,'Cum sociis natoque penatibus et magnis dis parturient montes, nascetur ridiculus mus. Vivamus vestibulum sagittis sapien. Cum sociis natoque penatibus et magnis dis parturient montes, nascetur ridiculus mus.\r\n\r\nEtiam vel augue. Vestibulum rutrum rutrum neque. Aenean auctor gravida sem.','2021-09-13 23:21:16'),(23,62,141,NULL,63,'Fusce posuere felis sed lacus. Morbi sem mauris, laoreet ut, rhoncus aliquet, pulvinar sed, nisl. Nunc rhoncus dui vel sem.\r\n\r\nSed sagittis. Nam congue, risus semper porta volutpat, quam pede lobortis ligula, sit amet eleifend pede libero quis orci. Nullam molestie nibh in lectus.','2021-09-13 23:21:16'),(24,6,102,NULL,68,'Proin eu mi. Nulla ac enim. In tempor, turpis nec euismod scelerisque, quam turpis adipiscing lorem, vitae mattis nibh ligula nec sem.\r\n\r\nDuis aliquam convallis nunc. Proin at turpis a pede posuere nonummy. Integer non velit.\r\n\r\nDonec diam neque, vestibulum eget, vulputate ut, ultrices vel, augue. Vestibulum ante ipsum primis in faucibus orci luctus et ultrices posuere cubilia Curae; Donec pharetra, magna vestibulum aliquet ultrices, erat tortor sollicitudin mi, sit amet lobortis sapien sapien non mi. Integer ac neque.','2021-09-13 23:21:16'),(25,58,123,NULL,21,'Nullam porttitor lacus at turpis. Donec posuere metus vitae ipsum. Aliquam non mauris.\r\n\r\nMorbi non lectus. Aliquam sit amet diam in magna bibendum imperdiet. Nullam orci pede, venenatis non, sodales sed, tincidunt eu, felis.\r\n\r\nFusce posuere felis sed lacus. Morbi sem mauris, laoreet ut, rhoncus aliquet, pulvinar sed, nisl. Nunc rhoncus dui vel sem.','2021-09-13 23:21:16'),(26,158,108,NULL,12,'Phasellus in felis. Donec semper sapien a libero. Nam dui.\r\n\r\nProin leo odio, porttitor id, consequat in, consequat ut, nulla. Sed accumsan felis. Ut at dolor quis odio consequat varius.\r\n\r\nInteger ac leo. Pellentesque ultrices mattis odio. Donec vitae nisi.','2021-09-13 23:21:16'),(27,128,82,NULL,85,'Maecenas ut massa quis augue luctus tincidunt. Nulla mollis molestie lorem. Quisque ut erat.\r\n\r\nCurabitur gravida nisi at nibh. In hac habitasse platea dictumst. Aliquam augue quam, sollicitudin vitae, consectetuer eget, rutrum at, lorem.\r\n\r\nInteger tincidunt ante vel ipsum. Praesent blandit lacinia erat. Vestibulum sed magna at nunc commodo placerat.','2021-09-13 23:21:16'),(28,197,133,NULL,62,'Quisque id justo sit amet sapien dignissim vestibulum. Vestibulum ante ipsum primis in faucibus orci luctus et ultrices posuere cubilia Curae; Nulla dapibus dolor vel est. Donec odio justo, sollicitudin ut, suscipit a, feugiat et, eros.\r\n\r\nVestibulum ac est lacinia nisi venenatis tristique. Fusce congue, diam id ornare imperdiet, sapien urna pretium nisl, ut volutpat sapien arcu sed augue. Aliquam erat volutpat.\r\n\r\nIn congue. Etiam justo. Etiam pretium iaculis justo.','2021-09-13 23:21:17'),(29,175,109,NULL,56,'Quisque id justo sit amet sapien dignissim vestibulum. Vestibulum ante ipsum primis in faucibus orci luctus et ultrices posuere cubilia Curae; Nulla dapibus dolor vel est. Donec odio justo, sollicitudin ut, suscipit a, feugiat et, eros.\r\n\r\nVestibulum ac est lacinia nisi venenatis tristique. Fusce congue, diam id ornare imperdiet, sapien urna pretium nisl, ut volutpat sapien arcu sed augue. Aliquam erat volutpat.\r\n\r\nIn congue. Etiam justo. Etiam pretium iaculis justo.','2021-09-13 23:21:17'),(30,175,26,NULL,43,'Duis consequat dui nec nisi volutpat eleifend. Donec ut dolor. Morbi vel lectus in quam fringilla rhoncus.\r\n\r\nMauris enim leo, rhoncus sed, vestibulum sit amet, cursus id, turpis. Integer aliquet, massa id lobortis convallis, tortor risus dapibus augue, vel accumsan tellus nisi eu orci. Mauris lacinia sapien quis libero.\r\n\r\nNullam sit amet turpis elementum ligula vehicula consequat. Morbi a ipsum. Integer a nibh.','2021-09-13 23:21:17'),(31,55,64,NULL,84,'Suspendisse potenti. In eleifend quam a odio. In hac habitasse platea dictumst.\r\n\r\nMaecenas ut massa quis augue luctus tincidunt. Nulla mollis molestie lorem. Quisque ut erat.\r\n\r\nCurabitur gravida nisi at nibh. In hac habitasse platea dictumst. Aliquam augue quam, sollicitudin vitae, consectetuer eget, rutrum at, lorem.','2021-09-13 23:21:17'),(32,42,96,NULL,7,'Cum sociis natoque penatibus et magnis dis parturient montes, nascetur ridiculus mus. Vivamus vestibulum sagittis sapien. Cum sociis natoque penatibus et magnis dis parturient montes, nascetur ridiculus mus.\r\n\r\nEtiam vel augue. Vestibulum rutrum rutrum neque. Aenean auctor gravida sem.\r\n\r\nPraesent id massa id nisl venenatis lacinia. Aenean sit amet justo. Morbi ut odio.','2021-09-13 23:21:17'),(33,136,128,NULL,96,'In congue. Etiam justo. Etiam pretium iaculis justo.\r\n\r\nIn hac habitasse platea dictumst. Etiam faucibus cursus urna. Ut tellus.\r\n\r\nNulla ut erat id mauris vulputate elementum. Nullam varius. Nulla facilisi.','2021-09-13 23:21:17'),(34,165,83,NULL,90,'Curabitur in libero ut massa volutpat convallis. Morbi odio odio, elementum eu, interdum eu, tincidunt in, leo. Maecenas pulvinar lobortis est.\r\n\r\nPhasellus sit amet erat. Nulla tempus. Vivamus in felis eu sapien cursus vestibulum.','2021-09-13 23:21:17'),(35,11,113,NULL,19,'In hac habitasse platea dictumst. Morbi vestibulum, velit id pretium iaculis, diam erat fermentum justo, nec condimentum neque sapien placerat ante. Nulla justo.\r\n\r\nAliquam quis turpis eget elit sodales scelerisque. Mauris sit amet eros. Suspendisse accumsan tortor quis turpis.\r\n\r\nSed ante. Vivamus tortor. Duis mattis egestas metus.','2021-09-13 23:21:17'),(36,45,163,NULL,28,'Donec diam neque, vestibulum eget, vulputate ut, ultrices vel, augue. Vestibulum ante ipsum primis in faucibus orci luctus et ultrices posuere cubilia Curae; Donec pharetra, magna vestibulum aliquet ultrices, erat tortor sollicitudin mi, sit amet lobortis sapien sapien non mi. Integer ac neque.\r\n\r\nDuis bibendum. Morbi non quam nec dui luctus rutrum. Nulla tellus.','2021-09-13 23:21:18'),(37,115,93,NULL,61,'Vestibulum ac est lacinia nisi venenatis tristique. Fusce congue, diam id ornare imperdiet, sapien urna pretium nisl, ut volutpat sapien arcu sed augue. Aliquam erat volutpat.\r\n\r\nIn congue. Etiam justo. Etiam pretium iaculis justo.','2021-09-13 23:21:18'),(38,183,131,NULL,1,'Duis bibendum, felis sed interdum venenatis, turpis enim blandit mi, in porttitor pede justo eu massa. Donec dapibus. Duis at velit eu est congue elementum.\r\n\r\nIn hac habitasse platea dictumst. Morbi vestibulum, velit id pretium iaculis, diam erat fermentum justo, nec condimentum neque sapien placerat ante. Nulla justo.','2021-09-13 23:21:18'),(39,95,21,NULL,89,'Morbi non lectus. Aliquam sit amet diam in magna bibendum imperdiet. Nullam orci pede, venenatis non, sodales sed, tincidunt eu, felis.\r\n\r\nFusce posuere felis sed lacus. Morbi sem mauris, laoreet ut, rhoncus aliquet, pulvinar sed, nisl. Nunc rhoncus dui vel sem.','2021-09-13 23:21:18'),(40,82,28,NULL,59,'Cum sociis natoque penatibus et magnis dis parturient montes, nascetur ridiculus mus. Vivamus vestibulum sagittis sapien. Cum sociis natoque penatibus et magnis dis parturient montes, nascetur ridiculus mus.\r\n\r\nEtiam vel augue. Vestibulum rutrum rutrum neque. Aenean auctor gravida sem.\r\n\r\nPraesent id massa id nisl venenatis lacinia. Aenean sit amet justo. Morbi ut odio.','2021-09-13 23:21:18'),(41,119,174,NULL,70,'Nulla ut erat id mauris vulputate elementum. Nullam varius. Nulla facilisi.\r\n\r\nCras non velit nec nisi vulputate nonummy. Maecenas tincidunt lacus at velit. Vivamus vel nulla eget eros elementum pellentesque.','2021-09-13 23:21:18'),(42,83,18,NULL,92,'Maecenas ut massa quis augue luctus tincidunt. Nulla mollis molestie lorem. Quisque ut erat.\r\n\r\nCurabitur gravida nisi at nibh. In hac habitasse platea dictumst. Aliquam augue quam, sollicitudin vitae, consectetuer eget, rutrum at, lorem.\r\n\r\nInteger tincidunt ante vel ipsum. Praesent blandit lacinia erat. Vestibulum sed magna at nunc commodo placerat.','2021-09-13 23:21:18'),(43,93,146,NULL,36,'Aliquam quis turpis eget elit sodales scelerisque. Mauris sit amet eros. Suspendisse accumsan tortor quis turpis.\r\n\r\nSed ante. Vivamus tortor. Duis mattis egestas metus.','2021-09-13 23:21:19'),(44,85,72,NULL,18,'Morbi non lectus. Aliquam sit amet diam in magna bibendum imperdiet. Nullam orci pede, venenatis non, sodales sed, tincidunt eu, felis.\r\n\r\nFusce posuere felis sed lacus. Morbi sem mauris, laoreet ut, rhoncus aliquet, pulvinar sed, nisl. Nunc rhoncus dui vel sem.','2021-09-13 23:21:19'),(45,71,80,NULL,39,'In sagittis dui vel nisl. Duis ac nibh. Fusce lacus purus, aliquet at, feugiat non, pretium quis, lectus.\r\n\r\nSuspendisse potenti. In eleifend quam a odio. In hac habitasse platea dictumst.','2021-09-13 23:21:19'),(46,134,149,NULL,1,'Morbi non lectus. Aliquam sit amet diam in magna bibendum imperdiet. Nullam orci pede, venenatis non, sodales sed, tincidunt eu, felis.\r\n\r\nFusce posuere felis sed lacus. Morbi sem mauris, laoreet ut, rhoncus aliquet, pulvinar sed, nisl. Nunc rhoncus dui vel sem.\r\n\r\nSed sagittis. Nam congue, risus semper porta volutpat, quam pede lobortis ligula, sit amet eleifend pede libero quis orci. Nullam molestie nibh in lectus.','2021-09-13 23:21:19'),(47,157,112,NULL,79,'In congue. Etiam justo. Etiam pretium iaculis justo.\r\n\r\nIn hac habitasse platea dictumst. Etiam faucibus cursus urna. Ut tellus.','2021-09-13 23:21:19'),(48,52,75,NULL,99,'Duis aliquam convallis nunc. Proin at turpis a pede posuere nonummy. Integer non velit.\r\n\r\nDonec diam neque, vestibulum eget, vulputate ut, ultrices vel, augue. Vestibulum ante ipsum primis in faucibus orci luctus et ultrices posuere cubilia Curae; Donec pharetra, magna vestibulum aliquet ultrices, erat tortor sollicitudin mi, sit amet lobortis sapien sapien non mi. Integer ac neque.','2021-09-13 23:21:19'),(49,148,161,NULL,35,'Etiam vel augue. Vestibulum rutrum rutrum neque. Aenean auctor gravida sem.\r\n\r\nPraesent id massa id nisl venenatis lacinia. Aenean sit amet justo. Morbi ut odio.\r\n\r\nCras mi pede, malesuada in, imperdiet et, commodo vulputate, justo. In blandit ultrices enim. Lorem ipsum dolor sit amet, consectetuer adipiscing elit.','2021-09-13 23:21:19'),(50,176,133,NULL,84,'Pellentesque at nulla. Suspendisse potenti. Cras in purus eu magna vulputate luctus.\r\n\r\nCum sociis natoque penatibus et magnis dis parturient montes, nascetur ridiculus mus. Vivamus vestibulum sagittis sapien. Cum sociis natoque penatibus et magnis dis parturient montes, nascetur ridiculus mus.\r\n\r\nEtiam vel augue. Vestibulum rutrum rutrum neque. Aenean auctor gravida sem.','2021-09-13 23:21:19'),(51,98,17,NULL,52,'Duis bibendum, felis sed interdum venenatis, turpis enim blandit mi, in porttitor pede justo eu massa. Donec dapibus. Duis at velit eu est congue elementum.\r\n\r\nIn hac habitasse platea dictumst. Morbi vestibulum, velit id pretium iaculis, diam erat fermentum justo, nec condimentum neque sapien placerat ante. Nulla justo.','2021-09-13 23:21:19'),(52,118,169,NULL,82,'Morbi porttitor lorem id ligula. Suspendisse ornare consequat lectus. In est risus, auctor sed, tristique in, tempus sit amet, sem.\r\n\r\nFusce consequat. Nulla nisl. Nunc nisl.\r\n\r\nDuis bibendum, felis sed interdum venenatis, turpis enim blandit mi, in porttitor pede justo eu massa. Donec dapibus. Duis at velit eu est congue elementum.','2021-09-13 23:21:20'),(53,121,132,NULL,92,'In hac habitasse platea dictumst. Etiam faucibus cursus urna. Ut tellus.\r\n\r\nNulla ut erat id mauris vulputate elementum. Nullam varius. Nulla facilisi.','2021-09-13 23:21:20'),(54,139,113,NULL,3,'Maecenas ut massa quis augue luctus tincidunt. Nulla mollis molestie lorem. Quisque ut erat.\r\n\r\nCurabitur gravida nisi at nibh. In hac habitasse platea dictumst. Aliquam augue quam, sollicitudin vitae, consectetuer eget, rutrum at, lorem.','2021-09-13 23:21:20'),(55,120,56,NULL,76,'Duis consequat dui nec nisi volutpat eleifend. Donec ut dolor. Morbi vel lectus in quam fringilla rhoncus.\r\n\r\nMauris enim leo, rhoncus sed, vestibulum sit amet, cursus id, turpis. Integer aliquet, massa id lobortis convallis, tortor risus dapibus augue, vel accumsan tellus nisi eu orci. Mauris lacinia sapien quis libero.','2021-09-13 23:21:20'),(56,169,31,NULL,53,'Proin leo odio, porttitor id, consequat in, consequat ut, nulla. Sed accumsan felis. Ut at dolor quis odio consequat varius.\r\n\r\nInteger ac leo. Pellentesque ultrices mattis odio. Donec vitae nisi.','2021-09-13 23:21:20'),(57,138,75,NULL,9,'Lorem ipsum dolor sit amet, consectetuer adipiscing elit. Proin risus. Praesent lectus.\r\n\r\nVestibulum quam sapien, varius ut, blandit non, interdum in, ante. Vestibulum ante ipsum primis in faucibus orci luctus et ultrices posuere cubilia Curae; Duis faucibus accumsan odio. Curabitur convallis.','2021-09-13 23:21:20'),(58,19,150,NULL,46,'Integer tincidunt ante vel ipsum. Praesent blandit lacinia erat. Vestibulum sed magna at nunc commodo placerat.\r\n\r\nPraesent blandit. Nam nulla. Integer pede justo, lacinia eget, tincidunt eget, tempus vel, pede.','2021-09-13 23:21:20'),(59,130,117,NULL,69,'Integer ac leo. Pellentesque ultrices mattis odio. Donec vitae nisi.\r\n\r\nNam ultrices, libero non mattis pulvinar, nulla pede ullamcorper augue, a suscipit nulla elit ac nulla. Sed vel enim sit amet nunc viverra dapibus. Nulla suscipit ligula in lacus.','2021-09-13 23:21:20'),(60,46,40,NULL,53,'Duis bibendum. Morbi non quam nec dui luctus rutrum. Nulla tellus.\r\n\r\nIn sagittis dui vel nisl. Duis ac nibh. Fusce lacus purus, aliquet at, feugiat non, pretium quis, lectus.','2021-09-13 23:21:20'),(61,142,117,NULL,43,'Quisque id justo sit amet sapien dignissim vestibulum. Vestibulum ante ipsum primis in faucibus orci luctus et ultrices posuere cubilia Curae; Nulla dapibus dolor vel est. Donec odio justo, sollicitudin ut, suscipit a, feugiat et, eros.\r\n\r\nVestibulum ac est lacinia nisi venenatis tristique. Fusce congue, diam id ornare imperdiet, sapien urna pretium nisl, ut volutpat sapien arcu sed augue. Aliquam erat volutpat.\r\n\r\nIn congue. Etiam justo. Etiam pretium iaculis justo.','2021-09-13 23:21:20'),(62,171,155,NULL,18,'In hac habitasse platea dictumst. Morbi vestibulum, velit id pretium iaculis, diam erat fermentum justo, nec condimentum neque sapien placerat ante. Nulla justo.\r\n\r\nAliquam quis turpis eget elit sodales scelerisque. Mauris sit amet eros. Suspendisse accumsan tortor quis turpis.\r\n\r\nSed ante. Vivamus tortor. Duis mattis egestas metus.','2021-09-13 23:21:21'),(63,147,23,NULL,27,'Cras non velit nec nisi vulputate nonummy. Maecenas tincidunt lacus at velit. Vivamus vel nulla eget eros elementum pellentesque.\r\n\r\nQuisque porta volutpat erat. Quisque erat eros, viverra eget, congue eget, semper rutrum, nulla. Nunc purus.','2021-09-13 23:21:21'),(64,128,93,NULL,29,'Mauris enim leo, rhoncus sed, vestibulum sit amet, cursus id, turpis. Integer aliquet, massa id lobortis convallis, tortor risus dapibus augue, vel accumsan tellus nisi eu orci. Mauris lacinia sapien quis libero.\r\n\r\nNullam sit amet turpis elementum ligula vehicula consequat. Morbi a ipsum. Integer a nibh.','2021-09-13 23:21:21'),(65,118,103,NULL,27,'Integer ac leo. Pellentesque ultrices mattis odio. Donec vitae nisi.\r\n\r\nNam ultrices, libero non mattis pulvinar, nulla pede ullamcorper augue, a suscipit nulla elit ac nulla. Sed vel enim sit amet nunc viverra dapibus. Nulla suscipit ligula in lacus.\r\n\r\nCurabitur at ipsum ac tellus semper interdum. Mauris ullamcorper purus sit amet nulla. Quisque arcu libero, rutrum ac, lobortis vel, dapibus at, diam.','2021-09-13 23:21:21'),(66,130,92,NULL,77,'Lorem ipsum dolor sit amet, consectetuer adipiscing elit. Proin risus. Praesent lectus.\r\n\r\nVestibulum quam sapien, varius ut, blandit non, interdum in, ante. Vestibulum ante ipsum primis in faucibus orci luctus et ultrices posuere cubilia Curae; Duis faucibus accumsan odio. Curabitur convallis.\r\n\r\nDuis consequat dui nec nisi volutpat eleifend. Donec ut dolor. Morbi vel lectus in quam fringilla rhoncus.','2021-09-13 23:21:21'),(67,148,95,NULL,67,'Lorem ipsum dolor sit amet, consectetuer adipiscing elit. Proin risus. Praesent lectus.\r\n\r\nVestibulum quam sapien, varius ut, blandit non, interdum in, ante. Vestibulum ante ipsum primis in faucibus orci luctus et ultrices posuere cubilia Curae; Duis faucibus accumsan odio. Curabitur convallis.\r\n\r\nDuis consequat dui nec nisi volutpat eleifend. Donec ut dolor. Morbi vel lectus in quam fringilla rhoncus.','2021-09-13 23:21:21'),(68,61,113,NULL,69,'Fusce consequat. Nulla nisl. Nunc nisl.\r\n\r\nDuis bibendum, felis sed interdum venenatis, turpis enim blandit mi, in porttitor pede justo eu massa. Donec dapibus. Duis at velit eu est congue elementum.\r\n\r\nIn hac habitasse platea dictumst. Morbi vestibulum, velit id pretium iaculis, diam erat fermentum justo, nec condimentum neque sapien placerat ante. Nulla justo.','2021-09-13 23:21:21'),(69,16,119,NULL,21,'In sagittis dui vel nisl. Duis ac nibh. Fusce lacus purus, aliquet at, feugiat non, pretium quis, lectus.\r\n\r\nSuspendisse potenti. In eleifend quam a odio. In hac habitasse platea dictumst.','2021-09-13 23:21:22'),(70,198,138,NULL,57,'Praesent id massa id nisl venenatis lacinia. Aenean sit amet justo. Morbi ut odio.\r\n\r\nCras mi pede, malesuada in, imperdiet et, commodo vulputate, justo. In blandit ultrices enim. Lorem ipsum dolor sit amet, consectetuer adipiscing elit.\r\n\r\nProin interdum mauris non ligula pellentesque ultrices. Phasellus id sapien in sapien iaculis congue. Vivamus metus arcu, adipiscing molestie, hendrerit at, vulputate vitae, nisl.','2021-09-13 23:21:22'),(71,46,54,NULL,79,'Vestibulum ac est lacinia nisi venenatis tristique. Fusce congue, diam id ornare imperdiet, sapien urna pretium nisl, ut volutpat sapien arcu sed augue. Aliquam erat volutpat.\r\n\r\nIn congue. Etiam justo. Etiam pretium iaculis justo.','2021-09-13 23:21:22'),(72,192,138,NULL,92,'Integer tincidunt ante vel ipsum. Praesent blandit lacinia erat. Vestibulum sed magna at nunc commodo placerat.\r\n\r\nPraesent blandit. Nam nulla. Integer pede justo, lacinia eget, tincidunt eget, tempus vel, pede.','2021-09-13 23:21:22'),(73,52,105,NULL,59,'Morbi porttitor lorem id ligula. Suspendisse ornare consequat lectus. In est risus, auctor sed, tristique in, tempus sit amet, sem.\r\n\r\nFusce consequat. Nulla nisl. Nunc nisl.\r\n\r\nDuis bibendum, felis sed interdum venenatis, turpis enim blandit mi, in porttitor pede justo eu massa. Donec dapibus. Duis at velit eu est congue elementum.','2021-09-13 23:21:22'),(74,37,128,NULL,77,'Praesent blandit. Nam nulla. Integer pede justo, lacinia eget, tincidunt eget, tempus vel, pede.\r\n\r\nMorbi porttitor lorem id ligula. Suspendisse ornare consequat lectus. In est risus, auctor sed, tristique in, tempus sit amet, sem.\r\n\r\nFusce consequat. Nulla nisl. Nunc nisl.','2021-09-13 23:21:22'),(75,194,21,NULL,74,'Proin leo odio, porttitor id, consequat in, consequat ut, nulla. Sed accumsan felis. Ut at dolor quis odio consequat varius.\r\n\r\nInteger ac leo. Pellentesque ultrices mattis odio. Donec vitae nisi.','2021-09-13 23:21:22'),(76,194,67,NULL,84,'Vestibulum ac est lacinia nisi venenatis tristique. Fusce congue, diam id ornare imperdiet, sapien urna pretium nisl, ut volutpat sapien arcu sed augue. Aliquam erat volutpat.\r\n\r\nIn congue. Etiam justo. Etiam pretium iaculis justo.\r\n\r\nIn hac habitasse platea dictumst. Etiam faucibus cursus urna. Ut tellus.','2021-09-13 23:21:22'),(77,192,48,NULL,89,'Nullam porttitor lacus at turpis. Donec posuere metus vitae ipsum. Aliquam non mauris.\r\n\r\nMorbi non lectus. Aliquam sit amet diam in magna bibendum imperdiet. Nullam orci pede, venenatis non, sodales sed, tincidunt eu, felis.\r\n\r\nFusce posuere felis sed lacus. Morbi sem mauris, laoreet ut, rhoncus aliquet, pulvinar sed, nisl. Nunc rhoncus dui vel sem.','2021-09-13 23:21:22'),(78,123,81,NULL,76,'Fusce posuere felis sed lacus. Morbi sem mauris, laoreet ut, rhoncus aliquet, pulvinar sed, nisl. Nunc rhoncus dui vel sem.\r\n\r\nSed sagittis. Nam congue, risus semper porta volutpat, quam pede lobortis ligula, sit amet eleifend pede libero quis orci. Nullam molestie nibh in lectus.\r\n\r\nPellentesque at nulla. Suspendisse potenti. Cras in purus eu magna vulputate luctus.','2021-09-13 23:21:22'),(79,7,79,NULL,20,'In hac habitasse platea dictumst. Etiam faucibus cursus urna. Ut tellus.\r\n\r\nNulla ut erat id mauris vulputate elementum. Nullam varius. Nulla facilisi.\r\n\r\nCras non velit nec nisi vulputate nonummy. Maecenas tincidunt lacus at velit. Vivamus vel nulla eget eros elementum pellentesque.','2021-09-13 23:21:23'),(80,40,160,NULL,18,'Phasellus in felis. Donec semper sapien a libero. Nam dui.\r\n\r\nProin leo odio, porttitor id, consequat in, consequat ut, nulla. Sed accumsan felis. Ut at dolor quis odio consequat varius.\r\n\r\nInteger ac leo. Pellentesque ultrices mattis odio. Donec vitae nisi.','2021-09-13 23:21:23'),(81,114,25,NULL,54,'Maecenas leo odio, condimentum id, luctus nec, molestie sed, justo. Pellentesque viverra pede ac diam. Cras pellentesque volutpat dui.\r\n\r\nMaecenas tristique, est et tempus semper, est quam pharetra magna, ac consequat metus sapien ut nunc. Vestibulum ante ipsum primis in faucibus orci luctus et ultrices posuere cubilia Curae; Mauris viverra diam vitae quam. Suspendisse potenti.\r\n\r\nNullam porttitor lacus at turpis. Donec posuere metus vitae ipsum. Aliquam non mauris.','2021-09-13 23:21:23'),(82,100,26,NULL,87,'Curabitur in libero ut massa volutpat convallis. Morbi odio odio, elementum eu, interdum eu, tincidunt in, leo. Maecenas pulvinar lobortis est.\r\n\r\nPhasellus sit amet erat. Nulla tempus. Vivamus in felis eu sapien cursus vestibulum.','2021-09-13 23:21:23'),(83,156,53,NULL,94,'Proin interdum mauris non ligula pellentesque ultrices. Phasellus id sapien in sapien iaculis congue. Vivamus metus arcu, adipiscing molestie, hendrerit at, vulputate vitae, nisl.\r\n\r\nAenean lectus. Pellentesque eget nunc. Donec quis orci eget orci vehicula condimentum.\r\n\r\nCurabitur in libero ut massa volutpat convallis. Morbi odio odio, elementum eu, interdum eu, tincidunt in, leo. Maecenas pulvinar lobortis est.','2021-09-13 23:21:23'),(84,56,163,NULL,54,'Nullam porttitor lacus at turpis. Donec posuere metus vitae ipsum. Aliquam non mauris.\r\n\r\nMorbi non lectus. Aliquam sit amet diam in magna bibendum imperdiet. Nullam orci pede, venenatis non, sodales sed, tincidunt eu, felis.','2021-09-13 23:21:23'),(85,83,56,NULL,61,'Curabitur in libero ut massa volutpat convallis. Morbi odio odio, elementum eu, interdum eu, tincidunt in, leo. Maecenas pulvinar lobortis est.\r\n\r\nPhasellus sit amet erat. Nulla tempus. Vivamus in felis eu sapien cursus vestibulum.\r\n\r\nProin eu mi. Nulla ac enim. In tempor, turpis nec euismod scelerisque, quam turpis adipiscing lorem, vitae mattis nibh ligula nec sem.','2021-09-13 23:21:23'),(86,89,109,NULL,34,'Suspendisse potenti. In eleifend quam a odio. In hac habitasse platea dictumst.\r\n\r\nMaecenas ut massa quis augue luctus tincidunt. Nulla mollis molestie lorem. Quisque ut erat.','2021-09-13 23:21:23'),(87,129,30,NULL,85,'Nam ultrices, libero non mattis pulvinar, nulla pede ullamcorper augue, a suscipit nulla elit ac nulla. Sed vel enim sit amet nunc viverra dapibus. Nulla suscipit ligula in lacus.\r\n\r\nCurabitur at ipsum ac tellus semper interdum. Mauris ullamcorper purus sit amet nulla. Quisque arcu libero, rutrum ac, lobortis vel, dapibus at, diam.','2021-09-13 23:21:24'),(88,4,141,NULL,60,'Cum sociis natoque penatibus et magnis dis parturient montes, nascetur ridiculus mus. Vivamus vestibulum sagittis sapien. Cum sociis natoque penatibus et magnis dis parturient montes, nascetur ridiculus mus.\r\n\r\nEtiam vel augue. Vestibulum rutrum rutrum neque. Aenean auctor gravida sem.','2021-09-13 23:21:24'),(89,71,145,NULL,83,'In quis justo. Maecenas rhoncus aliquam lacus. Morbi quis tortor id nulla ultrices aliquet.\r\n\r\nMaecenas leo odio, condimentum id, luctus nec, molestie sed, justo. Pellentesque viverra pede ac diam. Cras pellentesque volutpat dui.','2021-09-13 23:21:24'),(90,24,36,NULL,9,'Proin interdum mauris non ligula pellentesque ultrices. Phasellus id sapien in sapien iaculis congue. Vivamus metus arcu, adipiscing molestie, hendrerit at, vulputate vitae, nisl.\r\n\r\nAenean lectus. Pellentesque eget nunc. Donec quis orci eget orci vehicula condimentum.','2021-09-13 23:21:24'),(91,188,70,NULL,38,'Duis bibendum. Morbi non quam nec dui luctus rutrum. Nulla tellus.\r\n\r\nIn sagittis dui vel nisl. Duis ac nibh. Fusce lacus purus, aliquet at, feugiat non, pretium quis, lectus.','2021-09-13 23:21:24'),(92,151,71,NULL,39,'Quisque porta volutpat erat. Quisque erat eros, viverra eget, congue eget, semper rutrum, nulla. Nunc purus.\r\n\r\nPhasellus in felis. Donec semper sapien a libero. Nam dui.\r\n\r\nProin leo odio, porttitor id, consequat in, consequat ut, nulla. Sed accumsan felis. Ut at dolor quis odio consequat varius.','2021-09-13 23:21:24'),(93,111,89,NULL,3,'Nulla ut erat id mauris vulputate elementum. Nullam varius. Nulla facilisi.\r\n\r\nCras non velit nec nisi vulputate nonummy. Maecenas tincidunt lacus at velit. Vivamus vel nulla eget eros elementum pellentesque.','2021-09-13 23:21:24'),(94,67,143,NULL,66,'Integer tincidunt ante vel ipsum. Praesent blandit lacinia erat. Vestibulum sed magna at nunc commodo placerat.\r\n\r\nPraesent blandit. Nam nulla. Integer pede justo, lacinia eget, tincidunt eget, tempus vel, pede.','2021-09-13 23:21:24'),(95,186,135,NULL,11,'Morbi porttitor lorem id ligula. Suspendisse ornare consequat lectus. In est risus, auctor sed, tristique in, tempus sit amet, sem.\r\n\r\nFusce consequat. Nulla nisl. Nunc nisl.','2021-09-13 23:21:24'),(96,171,21,NULL,87,'Proin eu mi. Nulla ac enim. In tempor, turpis nec euismod scelerisque, quam turpis adipiscing lorem, vitae mattis nibh ligula nec sem.\r\n\r\nDuis aliquam convallis nunc. Proin at turpis a pede posuere nonummy. Integer non velit.','2021-09-13 23:21:25'),(97,160,171,NULL,6,'Duis aliquam convallis nunc. Proin at turpis a pede posuere nonummy. Integer non velit.\r\n\r\nDonec diam neque, vestibulum eget, vulputate ut, ultrices vel, augue. Vestibulum ante ipsum primis in faucibus orci luctus et ultrices posuere cubilia Curae; Donec pharetra, magna vestibulum aliquet ultrices, erat tortor sollicitudin mi, sit amet lobortis sapien sapien non mi. Integer ac neque.\r\n\r\nDuis bibendum. Morbi non quam nec dui luctus rutrum. Nulla tellus.','2021-09-13 23:21:25'),(98,80,87,NULL,63,'Nullam sit amet turpis elementum ligula vehicula consequat. Morbi a ipsum. Integer a nibh.\r\n\r\nIn quis justo. Maecenas rhoncus aliquam lacus. Morbi quis tortor id nulla ultrices aliquet.','2021-09-13 23:21:25'),(99,73,178,NULL,76,'Etiam vel augue. Vestibulum rutrum rutrum neque. Aenean auctor gravida sem.\r\n\r\nPraesent id massa id nisl venenatis lacinia. Aenean sit amet justo. Morbi ut odio.','2021-09-13 23:21:25'),(100,49,151,NULL,46,'Maecenas tristique, est et tempus semper, est quam pharetra magna, ac consequat metus sapien ut nunc. Vestibulum ante ipsum primis in faucibus orci luctus et ultrices posuere cubilia Curae; Mauris viverra diam vitae quam. Suspendisse potenti.\r\n\r\nNullam porttitor lacus at turpis. Donec posuere metus vitae ipsum. Aliquam non mauris.','2021-09-13 23:21:25');
/*!40000 ALTER TABLE `reviews` ENABLE KEYS */;
UNLOCK TABLES;

--
-- Table structure for table `shelf`
--

DROP TABLE IF EXISTS `shelf`;
/*!40101 SET @saved_cs_client     = @@character_set_client */;
/*!40101 SET character_set_client = utf8 */;
CREATE TABLE `shelf` (
  `id` bigint unsigned NOT NULL AUTO_INCREMENT,
  `works_id` bigint unsigned NOT NULL,
  `statuses_id` bigint unsigned NOT NULL,
  `user_id` bigint unsigned NOT NULL,
  PRIMARY KEY (`id`),
  KEY `shelf_statuses` (`statuses_id`),
  KEY `shelf_user` (`user_id`),
  KEY `shelf_works` (`works_id`),
  CONSTRAINT `shelf_statuses` FOREIGN KEY (`statuses_id`) REFERENCES `statuses` (`id`),
  CONSTRAINT `shelf_user` FOREIGN KEY (`user_id`) REFERENCES `user` (`id`),
  CONSTRAINT `shelf_works` FOREIGN KEY (`works_id`) REFERENCES `works` (`id`)
) ENGINE=InnoDB DEFAULT CHARSET=utf8mb4 COLLATE=utf8mb4_0900_ai_ci;
/*!40101 SET character_set_client = @saved_cs_client */;

--
-- Dumping data for table `shelf`
--

LOCK TABLES `shelf` WRITE;
/*!40000 ALTER TABLE `shelf` DISABLE KEYS */;
/*!40000 ALTER TABLE `shelf` ENABLE KEYS */;
UNLOCK TABLES;

--
-- Table structure for table `statuses`
--

DROP TABLE IF EXISTS `statuses`;
/*!40101 SET @saved_cs_client     = @@character_set_client */;
/*!40101 SET character_set_client = utf8 */;
CREATE TABLE `statuses` (
  `id` bigint unsigned NOT NULL AUTO_INCREMENT,
  `status` varchar(255) NOT NULL COMMENT '"in consume", "consumed", "interest list",  "dropped"',
  PRIMARY KEY (`id`)
) ENGINE=InnoDB AUTO_INCREMENT=5 DEFAULT CHARSET=utf8mb4 COLLATE=utf8mb4_0900_ai_ci;
/*!40101 SET character_set_client = @saved_cs_client */;

--
-- Dumping data for table `statuses`
--

LOCK TABLES `statuses` WRITE;
/*!40000 ALTER TABLE `statuses` DISABLE KEYS */;
INSERT INTO `statuses` VALUES (1,'Watching'),(2,'Finished'),(3,'On Wishlist'),(4,'Dropped');
/*!40000 ALTER TABLE `statuses` ENABLE KEYS */;
UNLOCK TABLES;

--
-- Table structure for table `user`
--

DROP TABLE IF EXISTS `user`;
/*!40101 SET @saved_cs_client     = @@character_set_client */;
/*!40101 SET character_set_client = utf8 */;
CREATE TABLE `user` (
  `id` bigint unsigned NOT NULL AUTO_INCREMENT COMMENT '@hannah_karolyne',
  `username` varchar(50) NOT NULL,
  `name` varchar(255) NOT NULL,
  `email` varchar(255) NOT NULL,
  `password` varchar(255) NOT NULL,
  `created` timestamp NOT NULL DEFAULT CURRENT_TIMESTAMP,
  PRIMARY KEY (`id`)
) ENGINE=InnoDB AUTO_INCREMENT=511 DEFAULT CHARSET=utf8mb4 COLLATE=utf8mb4_0900_ai_ci;
/*!40101 SET character_set_client = @saved_cs_client */;

--
-- Dumping data for table `user`
--

LOCK TABLES `user` WRITE;
/*!40000 ALTER TABLE `user` DISABLE KEYS */;
INSERT INTO `user` VALUES (1,'rtrayton0','Ralina Trayton','rtrayton0@cdc.gov','jw2SQG1JJ','2021-09-13 19:39:51'),(2,'asickert1','Arda Sickert','asickert1@tiny.cc','rq2iiQZOL','2021-09-13 19:39:52'),(3,'heminson2','Hi Eminson','heminson2@bing.com','4T84USX','2021-09-13 19:39:52'),(4,'kbisp3','Karyn Bisp','kbisp3@craigslist.org','ETGaEhO','2021-09-13 19:39:52'),(5,'cdargie4','Cornie Dargie','cdargie4@businessweek.com','p3UYUntJz','2021-09-13 19:39:52'),(6,'kdench5','Kristos Dench','kdench5@sbwire.com','oH19mcM','2021-09-13 19:39:52'),(7,'svolcker6','Sheridan Volcker','svolcker6@apple.com','LKrxxztmgjg','2021-09-13 19:39:53'),(8,'abullcock7','Austina Bullcock','abullcock7@wisc.edu','cAXW65JG5q','2021-09-13 19:39:53'),(9,'trubke8','Tara Rubke','trubke8@house.gov','lYCcnWKwlm7','2021-09-13 19:39:53'),(10,'tlattka9','Thomasin Lattka','tlattka9@is.gd','HCBwGCLS','2021-09-13 19:39:53'),(11,'tmckibbena','Troy McKibben','tmckibbena@eventbrite.com','ndBVWNm','2021-09-13 19:39:53'),(12,'ajimesb','Amil Jimes','ajimesb@istockphoto.com','SaK7rSOqEO','2021-09-13 19:39:53'),(13,'imeasomc','Issi Measom','imeasomc@elpais.com','FhjCDE','2021-09-13 19:39:53'),(14,'lgliddend','Lenka Glidden','lgliddend@wufoo.com','JYD65aNBU7','2021-09-13 19:39:53'),(15,'nschankee','Nadean Schanke','nschankee@t-online.de','PWqXagwPz8','2021-09-13 19:39:53'),(16,'efallawef','Emlynne Fallawe','efallawef@360.cn','dsl5zmAMOK','2021-09-13 19:39:54'),(17,'cleveeg','Carmina Levee','cleveeg@scientificamerican.com','eJUGZW','2021-09-13 19:39:54'),(18,'cdaynterh','Cecilla Daynter','cdaynterh@360.cn','Gn85THREj','2021-09-13 19:39:54'),(19,'nferrieresi','Nathaniel Ferrieres','nferrieresi@surveymonkey.com','4IMQnVEFaPmM','2021-09-13 19:39:54'),(20,'clemmej','Cathrin Lemme','clemmej@shareasale.com','oiLkLM1','2021-09-13 19:39:54'),(21,'rmurbyk','Reynold Murby','rmurbyk@webeden.co.uk','D6hYYPD','2021-09-13 19:39:54'),(22,'cpuddlel','Collen Puddle','cpuddlel@latimes.com','0MPsK8X5','2021-09-13 19:39:54'),(23,'dbagottm','Deena Bagott','dbagottm@ihg.com','gNuNtgjTwpu','2021-09-13 19:39:54'),(24,'mtreslern','Miltie Tresler','mtreslern@drupal.org','KuYhqR0Fwg','2021-09-13 19:39:54'),(25,'hbourthouloumeo','Hadlee Bourthouloume','hbourthouloumeo@sina.com.cn','WnaX09j','2021-09-13 19:39:55'),(26,'jtichnerp','Jasmina Tichner','jtichnerp@squarespace.com','45C5IdgKnIj','2021-09-13 19:39:55'),(27,'chevnerq','Carma Hevner','chevnerq@dedecms.com','MSijldizXvh','2021-09-13 19:39:55'),(28,'feasterbyr','Florri Easterby','feasterbyr@typepad.com','1BFOiUiWw','2021-09-13 19:39:55'),(29,'rbasants','Reeva Basant','rbasants@discovery.com','yVXHOEQ','2021-09-13 19:39:55'),(30,'pbrickett','Paola Bricket','pbrickett@mlb.com','q5VlOJUl2','2021-09-13 19:39:55'),(31,'bkellettu','Bernadine Kellett','bkellettu@google.co.jp','WmZF4kuhP','2021-09-13 19:39:55'),(32,'mhenderv','Madeleine Hender','mhenderv@t-online.de','iI4fc8smgK','2021-09-13 19:39:55'),(33,'tsennettw','Tallou Sennett','tsennettw@eepurl.com','ERdpPZ','2021-09-13 19:39:56'),(34,'pdoylex','Philippe Doyle','pdoylex@wikimedia.org','PvUcvkUJnHYi','2021-09-13 19:39:56'),(35,'squerrardy','Say Querrard','squerrardy@diigo.com','w87ldxwA7Row','2021-09-13 19:39:56'),(36,'mlathburyz','Munmro Lathbury','mlathburyz@salon.com','lqMMqXDj3UIb','2021-09-13 19:39:56'),(37,'bpirrone10','Bruis Pirrone','bpirrone10@paginegialle.it','qsFHwOSNOf','2021-09-13 19:39:56'),(38,'atabbitt11','Anatole Tabbitt','atabbitt11@jiathis.com','kufQDfZtgn9','2021-09-13 19:39:56'),(39,'cmetcalf12','Charlot Metcalf','cmetcalf12@europa.eu','Mb81lAE','2021-09-13 19:39:56'),(40,'dmerrifield13','Delphinia Merrifield','dmerrifield13@ameblo.jp','fj4IIWjifNa','2021-09-13 19:39:57'),(41,'gramey14','Germaine Ramey','gramey14@etsy.com','d0NYalU','2021-09-13 19:39:57'),(42,'mmatczak15','Mufinella Matczak','mmatczak15@angelfire.com','c4U516','2021-09-13 19:39:57'),(43,'dfaccini16','Dorelia Faccini','dfaccini16@archive.org','GdPn0OW4','2021-09-13 19:39:57'),(44,'hmartonfi17','Horatio Martonfi','hmartonfi17@boston.com','VseDFs1','2021-09-13 19:39:57'),(45,'ohighman18','Orelle Highman','ohighman18@livejournal.com','KOyjep','2021-09-13 19:39:57'),(46,'mrehme19','Meris Rehme','mrehme19@addthis.com','wVoE6V6mmRO','2021-09-13 19:39:57'),(47,'smulvaney1a','Sal Mulvaney','smulvaney1a@china.com.cn','2S6l1fOmB','2021-09-13 19:39:58'),(48,'tdouberday1b','Timmy Douberday','tdouberday1b@hud.gov','MVEBQDd3ISIe','2021-09-13 19:39:58'),(49,'sokeshott1c','Sarina Okeshott','sokeshott1c@scribd.com','VNwK2ovb4','2021-09-13 19:39:58'),(50,'pboffey1d','Parker Boffey','pboffey1d@soundcloud.com','Qr1qvv','2021-09-13 19:39:58'),(51,'egisbey1e','Erminia Gisbey','egisbey1e@auda.org.au','tLvC6jxZOMC','2021-09-13 19:39:58'),(52,'rfike1f','Roanna Fike','rfike1f@meetup.com','b9RQkKJNaxWH','2021-09-13 19:39:58'),(53,'kthireau1g','Karlene Thireau','kthireau1g@imageshack.us','uM0VuIHf7','2021-09-13 19:39:58'),(54,'bde1h','Brooke de Courcy','bde1h@sbwire.com','HpX8YSY1','2021-09-13 19:39:58'),(55,'gcattini1i','Gay Cattini','gcattini1i@netvibes.com','mJbIGUwIe6P','2021-09-13 19:39:59'),(56,'kworvill1j','Karlyn Worvill','kworvill1j@youku.com','SADXaUq4Orgc','2021-09-13 19:39:59'),(57,'tmackstead1k','Tirrell Mackstead','tmackstead1k@acquirethisname.com','b1KYACu0k','2021-09-13 19:39:59'),(58,'aduffill1l','Austen Duffill','aduffill1l@intel.com','jccE3lFsb','2021-09-13 19:39:59'),(59,'khardie1m','Kristel Hardie','khardie1m@engadget.com','l3VNveC','2021-09-13 19:39:59'),(60,'mboothby1n','Murry Boothby','mboothby1n@seattletimes.com','ourCqbgDmq','2021-09-13 19:39:59'),(61,'hgettings1o','Homer Gettings','hgettings1o@mac.com','wpFCIE6F','2021-09-13 19:39:59'),(62,'whinemoor1p','Wald Hinemoor','whinemoor1p@arizona.edu','QWVxiSfHP3ah','2021-09-13 19:39:59'),(63,'hsmithyman1q','Hamnet Smithyman','hsmithyman1q@netlog.com','2iLrysV4Nje','2021-09-13 19:40:00'),(64,'aantonietti1r','Ancell Antonietti','aantonietti1r@histats.com','NNS1nJ','2021-09-13 19:40:00'),(65,'rfrantzeni1s','Randi Frantzeni','rfrantzeni1s@marriott.com','8tx84YC','2021-09-13 19:40:00'),(66,'cdownham1t','Cynthea Downham','cdownham1t@sbwire.com','LcshlotjMXEQ','2021-09-13 19:40:00'),(67,'kdewdney1u','Kimberlyn Dewdney','kdewdney1u@skype.com','oeH44Q','2021-09-13 19:40:00'),(68,'co1v','Chrissy O\' Loughran','co1v@netlog.com','yyKJaK7zb','2021-09-13 19:40:00'),(69,'sloody1w','Silva Loody','sloody1w@flickr.com','rOwkOQSP','2021-09-13 19:40:00'),(70,'alinskill1x','Anthe Linskill','alinskill1x@youtu.be','toQufD','2021-09-13 19:40:00'),(71,'plapree1y','Perkin Lapree','plapree1y@qq.com','Oxwbmt1hstGf','2021-09-13 19:40:01'),(72,'lkeyzor1z','Lorain Keyzor','lkeyzor1z@nyu.edu','gw2285oO','2021-09-13 19:40:01'),(73,'jpopley20','Janet Popley','jpopley20@forbes.com','6YnZArG','2021-09-13 19:40:01'),(74,'eharley21','Elvina Harley','eharley21@sogou.com','b40HQMIt55','2021-09-13 19:40:01'),(75,'bchomicz22','Barnebas Chomicz','bchomicz22@loc.gov','ummIhzW0','2021-09-13 19:40:01'),(76,'orobson23','Omar Robson','orobson23@fotki.com','NN34ZQK','2021-09-13 19:40:01'),(77,'ghanks24','Georas Hanks','ghanks24@marketwatch.com','AyKJ32umoF4p','2021-09-13 19:40:01'),(78,'ldumbellow25','Laureen Dumbellow','ldumbellow25@constantcontact.com','muhhoCi','2021-09-13 19:40:01'),(79,'aheller26','Annalee Heller','aheller26@amazon.com','P1ZXkDDY2pI','2021-09-13 19:40:02'),(80,'tlibermore27','Tedi Libermore','tlibermore27@mtv.com','wIrQ5GY','2021-09-13 19:40:02'),(81,'crands28','Cathlene Rands','crands28@biglobe.ne.jp','F2aFF6Jb','2021-09-13 19:40:02'),(82,'lgrishanov29','Lucienne Grishanov','lgrishanov29@storify.com','Bgnnp5zB','2021-09-13 19:40:02'),(83,'mkainz2a','Marisa Kainz','mkainz2a@businessinsider.com','fvbGnAn','2021-09-13 19:40:02'),(84,'kguillotin2b','Kanya Guillotin','kguillotin2b@51.la','t1jp062Gc7xG','2021-09-13 19:40:02'),(85,'bagglione2c','Brendan Agglione','bagglione2c@house.gov','tBjTmNf9IPDb','2021-09-13 19:40:02'),(86,'mklus2d','Madelyn Klus','mklus2d@pbs.org','cBcP3i3xRlk','2021-09-13 19:40:02'),(87,'laiskovitch2e','Lois Aiskovitch','laiskovitch2e@behance.net','LzZJTT3i','2021-09-13 19:40:03'),(88,'nebbitt2f','Nathalia Ebbitt','nebbitt2f@hc360.com','0CT2cCUMRQdX','2021-09-13 19:40:03'),(89,'dhapper2g','Devin Happer','dhapper2g@spiegel.de','oOg31jl','2021-09-13 19:40:03'),(90,'ymalinson2h','Yolande Malinson','ymalinson2h@arstechnica.com','g2b5uru','2021-09-13 19:40:03'),(91,'gpillans2i','Griffin Pillans','gpillans2i@fema.gov','EgdAT1blV7','2021-09-13 19:40:03'),(92,'hchisnall2j','Hans Chisnall','hchisnall2j@unc.edu','kAQdQlia','2021-09-13 19:40:03'),(93,'gmcanalley2k','Giacobo McAnalley','gmcanalley2k@twitter.com','Dd1WyO','2021-09-13 19:40:03'),(94,'briedel2l','Base Riedel','briedel2l@netscape.com','LdprSt','2021-09-13 19:40:04'),(95,'ypettersen2m','Yardley Pettersen','ypettersen2m@opensource.org','qdQR4c','2021-09-13 19:40:04'),(96,'theffy2n','Tessi Heffy','theffy2n@live.com','OtJG9HGTa7Og','2021-09-13 19:40:04'),(97,'pmedhurst2o','Portia Medhurst','pmedhurst2o@loc.gov','isq9JXR9','2021-09-13 19:40:04'),(98,'dhugill2p','Daisey Hugill','dhugill2p@tmall.com','3ei3UtF','2021-09-13 19:40:04'),(99,'jann2q','Jo ann Glassman','jann2q@go.com','MCRxuS','2021-09-13 19:40:04'),(100,'koldham2r','Kessiah Oldham','koldham2r@bbc.co.uk','SIW5k062','2021-09-13 19:40:05'),(101,'sfrankowski2s','Shalna Frankowski','sfrankowski2s@miibeian.gov.cn','ydnReYxH2M4','2021-09-13 19:40:05'),(102,'gnewbold2t','Gasper Newbold','gnewbold2t@amazonaws.com','hYI3d6jrpxg','2021-09-13 19:40:05'),(103,'mkleeman2u','Marion Kleeman','mkleeman2u@goodreads.com','fDwJyC4xWwBU','2021-09-13 19:40:05'),(104,'jrouge2v','Josey Rouge','jrouge2v@google.it','fnap2avPnH','2021-09-13 19:40:05'),(105,'tradnedge2w','Timothea Radnedge','tradnedge2w@businessweek.com','CdRDHQlyT','2021-09-13 19:40:05'),(106,'msarah2x','Maryann Sarah','msarah2x@wp.com','n4F81SkVref','2021-09-13 19:40:05'),(107,'bhrachovec2y','Bobbi Hrachovec','bhrachovec2y@biglobe.ne.jp','cOD4bPWi8o','2021-09-13 19:40:05'),(108,'fburrett2z','Fidela Burrett','fburrett2z@ucoz.ru','ZbNrqao','2021-09-13 19:40:06'),(109,'adooley30','Aylmer Dooley','adooley30@amazonaws.com','sIgOoK','2021-09-13 19:40:06'),(110,'fbernhardi31','Freddi Bernhardi','fbernhardi31@sakura.ne.jp','QeXdJnf','2021-09-13 19:40:06'),(111,'dleechman32','Delores Leechman','dleechman32@omniture.com','8zYw84lm','2021-09-13 19:40:06'),(112,'kjannequin33','Krishnah Jannequin','kjannequin33@360.cn','Jbc3QsjhdRXj','2021-09-13 19:40:06'),(113,'fpenquet34','Fonzie Penquet','fpenquet34@example.com','IwNf4IIfevXa','2021-09-13 19:40:06'),(114,'ragronski35','Reinhard Agronski','ragronski35@mediafire.com','A1y5mBVM','2021-09-13 19:40:06'),(115,'cmeasor36','Catarina Measor','cmeasor36@vistaprint.com','Gs6pr7nmTA6i','2021-09-13 19:40:07'),(116,'boffiler37','Barbi Offiler','boffiler37@ehow.com','ubGT0aVA','2021-09-13 19:40:07'),(117,'qgregore38','Quinn Gregore','qgregore38@tripod.com','CPA61x','2021-09-13 19:40:08'),(118,'elade39','Eloisa Lade','elade39@elegantthemes.com','MU7NjswIBOEe','2021-09-13 19:40:08'),(119,'hcoughlin3a','Hope Coughlin','hcoughlin3a@rediff.com','QqnHXZ2y','2021-09-13 19:40:09'),(120,'tfarmar3b','Timmy Farmar','tfarmar3b@patch.com','uy80Y2b','2021-09-13 19:40:09'),(121,'dblofield3c','Dallis Blofield','dblofield3c@addtoany.com','xtMk4m','2021-09-13 19:40:09'),(122,'dvineall3d','Deonne Vineall','dvineall3d@squarespace.com','OKnu4GipnG','2021-09-13 19:40:09'),(123,'abrimblecombe3e','Antoni Brimblecombe','abrimblecombe3e@usgs.gov','FTCCSqM5xPBw','2021-09-13 19:40:09'),(124,'scorhard3f','Stacey Corhard','scorhard3f@jimdo.com','aq7eZv','2021-09-13 19:40:09'),(125,'rdyet3g','Rubetta Dyet','rdyet3g@ca.gov','JKphqbJljsLy','2021-09-13 19:40:09'),(126,'cranken3h','Carey Ranken','cranken3h@smugmug.com','ubO4TT50Q','2021-09-13 19:40:09'),(127,'brainsden3i','Brynna Rainsden','brainsden3i@npr.org','IGKnFNVm9','2021-09-13 19:40:10'),(128,'klighten3j','Kevan Lighten','klighten3j@soundcloud.com','adVPOqRK6oF','2021-09-13 19:40:10'),(129,'ngaddie3k','Nickolai Gaddie','ngaddie3k@youku.com','zmRmvsWgv03s','2021-09-13 19:40:10'),(130,'jzellmer3l','Jazmin Zellmer','jzellmer3l@opera.com','rtDHtm','2021-09-13 19:40:10'),(131,'afasler3m','Alli Fasler','afasler3m@pbs.org','E7uwNelD','2021-09-13 19:40:10'),(132,'mwadesworth3n','Mora Wadesworth','mwadesworth3n@addthis.com','ubTrIwm1N9Cj','2021-09-13 19:40:10'),(133,'pocallaghan3o','Phylis O\'Callaghan','pocallaghan3o@npr.org','8Ltn4roawKnz','2021-09-13 19:40:10'),(134,'ciddons3p','Chrotoem Iddons','ciddons3p@geocities.jp','Wib9u4ww','2021-09-13 19:40:10'),(135,'pdunthorn3q','Prue Dunthorn','pdunthorn3q@hexun.com','JXL5v5uj24e','2021-09-13 19:40:10'),(136,'vabramof3r','Vincent Abramof','vabramof3r@rambler.ru','DIMNSGZxCiPe','2021-09-13 19:40:11'),(137,'bhacket3s','Bibbye Hacket','bhacket3s@home.pl','unniH2Ge','2021-09-13 19:40:11'),(138,'lskey3t','Lissa Skey','lskey3t@booking.com','ildiD7FvR','2021-09-13 19:40:11'),(139,'kskyrme3u','Kiley Skyrme','kskyrme3u@mozilla.org','tfSF8vSRF5O','2021-09-13 19:40:11'),(140,'aarnell3v','Ash Arnell','aarnell3v@state.gov','gKNQxUzht','2021-09-13 19:40:11'),(141,'rdemange3w','Ring Demange','rdemange3w@tripadvisor.com','fc2jX6Bu','2021-09-13 19:40:11'),(142,'medworthy3x','Martin Edworthy','medworthy3x@fotki.com','JcmojKH','2021-09-13 19:40:11'),(143,'cdaybell3y','Corrie Daybell','cdaybell3y@icio.us','Qt7rrqn7','2021-09-13 19:40:12'),(144,'hbriant3z','Henka Briant','hbriant3z@google.com.au','y6xnNhaLPS4V','2021-09-13 19:40:12'),(145,'dmatula40','Dione Matula','dmatula40@discovery.com','eiPo1qOagbw','2021-09-13 19:40:12'),(146,'lwhiffen41','Lindsy Whiffen','lwhiffen41@seattletimes.com','2gOT1QaTo','2021-09-13 19:40:12'),(147,'dmckague42','Dori McKague','dmckague42@quantcast.com','C1fFa0vh7SQ8','2021-09-13 19:40:12'),(148,'scleobury43','Shannen Cleobury','scleobury43@angelfire.com','DC544MkCVM','2021-09-13 19:40:12'),(149,'satcock44','Steve Atcock','satcock44@accuweather.com','4ffdOtLKG5en','2021-09-13 19:40:12'),(150,'klademann45','Kori Lademann','klademann45@walmart.com','EwVGcBjP3M','2021-09-13 19:40:12'),(151,'toshevlan46','Tremayne O\'Shevlan','toshevlan46@yellowpages.com','5SfQ4HmU6','2021-09-13 19:40:13'),(152,'pblose47','Patti Blose','pblose47@mlb.com','Mdz5OQ63S','2021-09-13 19:40:13'),(153,'nbowfin48','Nickie Bowfin','nbowfin48@nhs.uk','H593DH1','2021-09-13 19:40:13'),(154,'wabella49','Wade Abella','wabella49@pbs.org','GPLJWMO','2021-09-13 19:40:13'),(155,'ibyrd4a','Issy Byrd','ibyrd4a@google.nl','mmPJGb','2021-09-13 19:40:13'),(156,'kperello4b','Kassey Perello','kperello4b@alibaba.com','gfyAVSTnsQ','2021-09-13 19:40:13'),(157,'dcarlisso4c','Doe Carlisso','dcarlisso4c@timesonline.co.uk','WMtZ1Ck0','2021-09-13 19:40:13'),(158,'jdunan4d','Julius Dunan','jdunan4d@guardian.co.uk','qcQFqvgIjmw','2021-09-13 19:40:13'),(159,'kkenwin4e','Kissiah Kenwin','kkenwin4e@amazon.de','JFG91hBcHkw','2021-09-13 19:40:14'),(160,'rcharon4f','Retha Charon','rcharon4f@admin.ch','0c6Gk64x','2021-09-13 19:40:14'),(161,'aferreira4g','Artair Ferreira','aferreira4g@upenn.edu','omyRmdoUE16','2021-09-13 19:40:14'),(162,'jdebrick4h','Josi Debrick','jdebrick4h@youku.com','P3bU918To','2021-09-13 19:40:14'),(163,'maddy4i','Mark Addy','maddy4i@mlb.com','ihi6bBHRvS','2021-09-13 19:40:14'),(164,'cpiddick4j','Cesaro Piddick','cpiddick4j@bbc.co.uk','aro3xz3cC2','2021-09-13 19:40:14'),(165,'bflanner4k','Beatrisa Flanner','bflanner4k@earthlink.net','JDSk6v4y','2021-09-13 19:40:15'),(166,'cgifkins4l','Cynthie Gifkins','cgifkins4l@house.gov','vUTsyc','2021-09-13 19:40:15'),(167,'cpatifield4m','Cyb Patifield','cpatifield4m@cmu.edu','EHFu8TthK','2021-09-13 19:40:15'),(168,'lrolinson4n','L;urette Rolinson','lrolinson4n@fc2.com','AcX7Wp','2021-09-13 19:40:15'),(169,'mprebble4o','Mayer Prebble','mprebble4o@w3.org','GBajtfLLdP','2021-09-13 19:40:15'),(170,'lpashba4p','Leopold Pashba','lpashba4p@theguardian.com','zVYonuV','2021-09-13 19:40:15'),(171,'afigger4q','Ardys Figger','afigger4q@washington.edu','gAdyghk','2021-09-13 19:40:16'),(172,'hculligan4r','Hughie Culligan','hculligan4r@cbslocal.com','F1ZHDTcV6y6','2021-09-13 19:40:16'),(173,'irivitt4s','Ingaborg Rivitt','irivitt4s@elegantthemes.com','mCckQyvPkF','2021-09-13 19:40:16'),(174,'dloosely4t','Dar Loosely','dloosely4t@tmall.com','dHo2jiESu','2021-09-13 19:40:16'),(175,'sleisk4u','Sheffie Leisk','sleisk4u@cargocollective.com','kgbWAYGc','2021-09-13 19:40:16'),(176,'khargie4v','Karla Hargie','khargie4v@privacy.gov.au','GQNTId','2021-09-13 19:40:16'),(177,'nblamire4w','Natalee Blamire','nblamire4w@wikispaces.com','lb9vrM','2021-09-13 19:40:16'),(178,'bcraddy4x','Benji Craddy','bcraddy4x@wikia.com','92I8wlBFy9hB','2021-09-13 19:40:17'),(179,'climpenny4y','Catriona Limpenny','climpenny4y@cocolog-nifty.com','CkCNMtn','2021-09-13 19:40:17'),(180,'kclemoes4z','Katinka Clemoes','kclemoes4z@mlb.com','ZaLpLjR','2021-09-13 19:40:17'),(181,'ymatfin50','Yance Matfin','ymatfin50@is.gd','cbGcbC7C12','2021-09-13 19:40:17'),(182,'gbackshall51','Ginnie Backshall','gbackshall51@slashdot.org','95SYUC9lh','2021-09-13 19:40:17'),(183,'kbloy52','Kathi Bloy','kbloy52@prlog.org','ynojAc','2021-09-13 19:40:17'),(184,'rcecil53','Rick Cecil','rcecil53@msu.edu','lfVaEZ1X','2021-09-13 19:40:17'),(185,'dsheeran54','Dore Sheeran','dsheeran54@mashable.com','61w9cbsRqNP','2021-09-13 19:40:17'),(186,'ebatchan55','Eric Batchan','ebatchan55@sakura.ne.jp','A2F8pdryny','2021-09-13 19:40:18'),(187,'khawkswood56','Kesley Hawkswood','khawkswood56@livejournal.com','aZb2CP4cRPI','2021-09-13 19:40:18'),(188,'mdowda57','Maximilianus Dowda','mdowda57@flickr.com','d1Z8TM2u','2021-09-13 19:40:18'),(189,'zwhittle58','Zed Whittle','zwhittle58@ycombinator.com','m4VBILID','2021-09-13 19:40:18'),(190,'hhauch59','Hymie Hauch','hhauch59@ask.com','emhebK','2021-09-13 19:40:18'),(191,'bphilbrick5a','Bee Philbrick','bphilbrick5a@apple.com','SLmFJSjD7S','2021-09-13 19:40:18'),(192,'vchasmoor5b','Vania Chasmoor','vchasmoor5b@com.com','V23aO5wAi','2021-09-13 19:40:18'),(193,'imaase5c','Ira Maase','imaase5c@answers.com','1oaKJcu','2021-09-13 19:40:18'),(194,'ksilwood5d','Kristin Silwood','ksilwood5d@meetup.com','fV8idZ81','2021-09-13 19:40:19'),(195,'bcady5e','Bea Cady','bcady5e@prweb.com','2rU9QOJR','2021-09-13 19:40:19'),(196,'abolliver5f','Ashla Bolliver','abolliver5f@google.com.br','wzgstFMPt','2021-09-13 19:40:19'),(197,'ccoulthard5g','Corbie Coulthard','ccoulthard5g@cam.ac.uk','XRaZ2AGH','2021-09-13 19:40:19'),(198,'ajeannot5h','Ailee Jeannot','ajeannot5h@webeden.co.uk','lQUXmTdY','2021-09-13 19:40:19'),(199,'nmcloughlin5i','Nil McLoughlin','nmcloughlin5i@economist.com','1WC2wCGs','2021-09-13 19:40:19'),(200,'alotwich5j','Anne-marie Lotwich','alotwich5j@domainmarket.com','yLzcEL8','2021-09-13 19:40:19'),(201,'mcrackett5k','Mikel Crackett','mcrackett5k@ox.ac.uk','Yi1RjrXFZ3x','2021-09-13 19:40:20'),(202,'transcomb5l','Thedrick Ranscomb','transcomb5l@hud.gov','qGh7L1q2','2021-09-13 19:40:20'),(203,'jmagog5m','Junia Magog','jmagog5m@google.com.au','G1SgVFO','2021-09-13 19:40:20'),(204,'amillwall5n','Antony Millwall','amillwall5n@parallels.com','61TKlNi','2021-09-13 19:40:20'),(205,'hpencot5o','Hallsy Pencot','hpencot5o@a8.net','AVWyrlCM2','2021-09-13 19:40:20'),(206,'spantin5p','Saul Pantin','spantin5p@ucla.edu','jIrCNHxxwQFt','2021-09-13 19:40:20'),(207,'gtowey5q','Guss Towey','gtowey5q@dailymotion.com','07T7flj21','2021-09-13 19:40:20'),(208,'mcrosetto5r','Magdaia Crosetto','mcrosetto5r@wix.com','s4k5FsSwObu','2021-09-13 19:40:20'),(209,'dnewarte5s','Delcine Newarte','dnewarte5s@icio.us','kqJAoA6a','2021-09-13 19:40:20'),(210,'djanney5t','Dollie Janney','djanney5t@xinhuanet.com','uEF6HY','2021-09-13 19:40:21'),(211,'eneeve5u','Esma Neeve','eneeve5u@netscape.com','08eVguq8oI9t','2021-09-13 19:40:21'),(212,'lgoggin5v','Leone Goggin','lgoggin5v@aol.com','BdvFu2','2021-09-13 19:40:21'),(213,'ghabbergham5w','Garald Habbergham','ghabbergham5w@g.co','v62L3NKPhy','2021-09-13 19:40:21'),(214,'ccooke5x','Charlene Cooke','ccooke5x@merriam-webster.com','aa883Mxl','2021-09-13 19:40:21'),(215,'zwaker5y','Zacharias Waker','zwaker5y@taobao.com','857BlIVoHKgN','2021-09-13 19:40:21'),(216,'tmaureen5z','Tanney Maureen','tmaureen5z@apache.org','yc4rOZ','2021-09-13 19:40:21'),(217,'mdowden60','Marcia Dowden','mdowden60@furl.net','szN4JvXId7P','2021-09-13 19:40:21'),(218,'dmccrillis61','Deck McCrillis','dmccrillis61@amazon.com','KzZy2cl4KNPJ','2021-09-13 19:40:22'),(219,'rstuttard62','Roobbie Stuttard','rstuttard62@reference.com','Tnz8UPWu','2021-09-13 19:40:22'),(220,'hmurrum63','Hugibert Murrum','hmurrum63@upenn.edu','dsdEGKfmUqj','2021-09-13 19:40:22'),(221,'cmyford64','Corrie Myford','cmyford64@howstuffworks.com','UWjJDZpgeBZJ','2021-09-13 19:40:22'),(222,'bcotes65','Berkley Cotes','bcotes65@constantcontact.com','RLNnjr38HKAn','2021-09-13 19:40:22'),(223,'jstott66','Jere Stott','jstott66@marriott.com','HntQ2DyqHug','2021-09-13 19:40:22'),(224,'barden67','Barrie Arden','barden67@eepurl.com','fTOcDyU8HJ','2021-09-13 19:40:22'),(225,'rdibner68','Rosy Dibner','rdibner68@auda.org.au','Hti4ObYl9EV','2021-09-13 19:40:22'),(226,'dbrogini69','Dottie Brogini','dbrogini69@skype.com','6cZRRjq','2021-09-13 19:40:23'),(227,'sstredder6a','Shane Stredder','sstredder6a@sohu.com','blXzbBum54','2021-09-13 19:40:23'),(228,'bheineken6b','Brit Heineken','bheineken6b@bizjournals.com','kchC8RPQuQvm','2021-09-13 19:40:23'),(229,'ljeaycock6c','Lydie Jeaycock','ljeaycock6c@hao123.com','hVJWm6','2021-09-13 19:40:23'),(230,'wziems6d','Winnie Ziems','wziems6d@nytimes.com','lcBNXgwG','2021-09-13 19:40:23'),(231,'agabriely6e','Alford Gabriely','agabriely6e@domainmarket.com','LZZABcSPD3r','2021-09-13 19:40:24'),(232,'rlightbown6f','Roze Lightbown','rlightbown6f@usda.gov','oLuRXU','2021-09-13 19:40:24'),(233,'aeasun6g','Abigael Easun','aeasun6g@networkadvertising.org','HcOU2fm2f2','2021-09-13 19:40:24'),(234,'flante6h','Frederique Lante','flante6h@amazon.co.uk','VypkK6','2021-09-13 19:40:24'),(235,'ldimmack6i','Lauri Dimmack','ldimmack6i@prweb.com','O3ZsCwhwV6d','2021-09-13 19:40:24'),(236,'lmcfadin6j','Layney McFadin','lmcfadin6j@wisc.edu','xKwWH56tK','2021-09-13 19:40:24'),(237,'bmarchant6k','Bonnee Marchant','bmarchant6k@de.vu','CFvfvmTaDL6','2021-09-13 19:40:24'),(238,'ipietrzak6l','Ilysa Pietrzak','ipietrzak6l@sohu.com','xdBScOZ','2021-09-13 19:40:25'),(239,'mbadwick6m','Myron Badwick','mbadwick6m@oracle.com','Q58LbN','2021-09-13 19:40:25'),(240,'hpeyzer6n','Hanna Peyzer','hpeyzer6n@usnews.com','J70msltbkZw','2021-09-13 19:40:25'),(241,'aswinerd6o','Anabel Swinerd','aswinerd6o@zdnet.com','2hNe4UgY22','2021-09-13 19:40:25'),(242,'tmozzini6p','Trescha Mozzini','tmozzini6p@biblegateway.com','JI1YAzhQxNHV','2021-09-13 19:40:25'),(243,'nturton6q','Nickie Turton','nturton6q@china.com.cn','pmuLjrDtS','2021-09-13 19:40:25'),(244,'llotterington6r','Loria Lotterington','llotterington6r@odnoklassniki.ru','u6VOsKOQkJ','2021-09-13 19:40:25'),(245,'aosan6s','Andi Osan','aosan6s@umn.edu','uzTgvSm','2021-09-13 19:40:25'),(246,'sropkins6t','Sampson Ropkins','sropkins6t@umich.edu','IXsLIa','2021-09-13 19:40:26'),(247,'averecker6u','Ange Verecker','averecker6u@tamu.edu','TjKlIc','2021-09-13 19:40:26'),(248,'bpedri6v','Brannon Pedri','bpedri6v@weibo.com','6PIUHLgOL1Qo','2021-09-13 19:40:26'),(249,'tprime6w','Torey Prime','tprime6w@cdbaby.com','xWGNrNke','2021-09-13 19:40:26'),(250,'dwhittam6x','Darnell Whittam','dwhittam6x@mapy.cz','hN8FKibjVw','2021-09-13 19:40:26'),(251,'abimrose6y','Archibaldo Bimrose','abimrose6y@unblog.fr','qqQk1ZIqlXw','2021-09-13 19:40:26'),(252,'caveray6z','Cherry Averay','caveray6z@mac.com','dU1d33','2021-09-13 19:40:26'),(253,'bmcnamee70','Bibbie McNamee','bmcnamee70@imageshack.us','ltKrhW','2021-09-13 19:40:26'),(254,'elubomirski71','Ellsworth Lubomirski','elubomirski71@earthlink.net','yYFJ8Z','2021-09-13 19:40:26'),(255,'tfocke72','Twila Focke','tfocke72@unesco.org','ou9SKZ6','2021-09-13 19:40:27'),(256,'fpoxson73','Freddy Poxson','fpoxson73@blogtalkradio.com','kyGx8GpxvPMN','2021-09-13 19:40:27'),(257,'merik74','Moira Erik','merik74@ifeng.com','J1nxkQnqpjaZ','2021-09-13 19:40:27'),(258,'dwyss75','Dolley Wyss','dwyss75@amazonaws.com','UgnUDzLfnxz9','2021-09-13 19:40:27'),(259,'dpatriskson76','Dena Patriskson','dpatriskson76@patch.com','lzbArfu7X','2021-09-13 19:40:27'),(260,'lthying77','Leeanne Thying','lthying77@jigsy.com','ykOou0c','2021-09-13 19:40:27'),(261,'cloader78','Constantine Loader','cloader78@1und1.de','etwIbnZKST','2021-09-13 19:40:27'),(262,'sacklands79','Stesha Acklands','sacklands79@bbc.co.uk','E1Mshq1','2021-09-13 19:40:27'),(263,'orentalll7a','Olympe Rentalll','orentalll7a@skyrock.com','IDc9djUQNMs7','2021-09-13 19:40:28'),(264,'tphetteplace7b','Taber Phetteplace','tphetteplace7b@linkedin.com','qvBXs7Zox','2021-09-13 19:40:28'),(265,'acosterd7c','Austine Costerd','acosterd7c@tiny.cc','pLZb2J','2021-09-13 19:40:28'),(266,'hilchenko7d','Harley Ilchenko','hilchenko7d@parallels.com','htT8bE','2021-09-13 19:40:28'),(267,'escrauniage7e','Elenore Scrauniage','escrauniage7e@yahoo.com','DgNp8Y','2021-09-13 19:40:28'),(268,'cfoucher7f','Cleo Foucher','cfoucher7f@admin.ch','5rQ31tov8','2021-09-13 19:40:28'),(269,'salbert7g','Sutherlan Albert','salbert7g@networksolutions.com','dZsPSW50S','2021-09-13 19:40:28'),(270,'klaba7h','Kassie Laba','klaba7h@elegantthemes.com','vc8nxHHE','2021-09-13 19:40:28'),(271,'udunnico7i','Urson Dunnico','udunnico7i@unicef.org','lBqeZJ8HTW','2021-09-13 19:40:29'),(272,'acrane7j','Archibold Crane','acrane7j@vinaora.com','JqAIpkz58','2021-09-13 19:40:29'),(273,'rcrooke7k','Rab Crooke','rcrooke7k@exblog.jp','XV0tP1u1iPd2','2021-09-13 19:40:29'),(274,'cmcness7l','Cassandra McNess','cmcness7l@oakley.com','yLi8RZiZ','2021-09-13 19:40:29'),(275,'mgallimore7m','Min Gallimore','mgallimore7m@ow.ly','zhUAdHl','2021-09-13 19:40:29'),(276,'mwasling7n','Marven Wasling','mwasling7n@addtoany.com','mKquV2Mmyp','2021-09-13 19:40:29'),(277,'lyeoland7o','Lorne Yeoland','lyeoland7o@prlog.org','yBBxNX','2021-09-13 19:40:29'),(278,'msabban7p','Meghann Sabban','msabban7p@ibm.com','wfiKo8YtfLjm','2021-09-13 19:40:30'),(279,'wvallens7q','Whitman Vallens','wvallens7q@is.gd','rWOMNWfBL','2021-09-13 19:40:30'),(280,'zroistone7r','Zolly Roistone','zroistone7r@miibeian.gov.cn','fMbRbdMKNTZn','2021-09-13 19:40:30'),(281,'dgabriel7s','Deloris Gabriel','dgabriel7s@yale.edu','0hCEwgQ712','2021-09-13 19:40:30'),(282,'tchapellow7t','Tobe Chapellow','tchapellow7t@about.me','PdEHfF','2021-09-13 19:40:30'),(283,'ajepps7u','Allen Jepps','ajepps7u@domainmarket.com','ExYOVu','2021-09-13 19:40:30'),(284,'amartinelli7v','Analise Martinelli','amartinelli7v@sciencedirect.com','zceNlOd','2021-09-13 19:40:30'),(285,'wtuffrey7w','Wakefield Tuffrey','wtuffrey7w@geocities.com','cRupmHWsOLmg','2021-09-13 19:40:30'),(286,'bwhorall7x','Bill Whorall','bwhorall7x@myspace.com','iP4pvSRTV','2021-09-13 19:40:30'),(287,'cattle7y','Candy Attle','cattle7y@springer.com','8bLtZcZj2ZtX','2021-09-13 19:40:31'),(288,'cblazeby7z','Cairistiona Blazeby','cblazeby7z@issuu.com','aJ90yUBL','2021-09-13 19:40:31'),(289,'amaccaughey80','Annice MacCaughey','amaccaughey80@cyberchimps.com','cKT53vnFzJB4','2021-09-13 19:40:31'),(290,'wchristofle81','Wynne Christofle','wchristofle81@technorati.com','JR9NMc','2021-09-13 19:40:31'),(291,'phazelby82','Portia Hazelby','phazelby82@opensource.org','9wZvoFZOe','2021-09-13 19:40:31'),(292,'bkristoffersen83','Bobbi Kristoffersen','bkristoffersen83@webeden.co.uk','wbHxuPlxPs','2021-09-13 19:40:31'),(293,'nbramo84','Nestor Bramo','nbramo84@a8.net','UwWEAriE','2021-09-13 19:40:31'),(294,'tgrevel85','Tedra Grevel','tgrevel85@about.com','CZcSudz00hF','2021-09-13 19:40:31'),(295,'itaberer86','Ingra Taberer','itaberer86@mlb.com','Unvk4Cg7t8','2021-09-13 19:40:31'),(296,'hmonketon87','Hoyt Monketon','hmonketon87@wikia.com','m6y2FFUS','2021-09-13 19:40:32'),(297,'apurvess88','Agneta Purvess','apurvess88@google.de','WyC6uJLz1aq0','2021-09-13 19:40:32'),(298,'rsex89','Rory Sex','rsex89@vimeo.com','8UfmhOpdH','2021-09-13 19:40:32'),(299,'bwormstone8a','Boniface Wormstone','bwormstone8a@bloglines.com','d5PHD1','2021-09-13 19:40:32'),(300,'landrin8b','Lissa Andrin','landrin8b@timesonline.co.uk','OHm4B4E4reJ','2021-09-13 19:40:32'),(301,'jrubertelli8c','Jamey Rubertelli','jrubertelli8c@nymag.com','3jNIUks','2021-09-13 19:40:32'),(302,'mblandamere8d','Matt Blandamere','mblandamere8d@discuz.net','lwD1T2lhwU','2021-09-13 19:40:32'),(303,'drossiter8e','Donella Rossiter','drossiter8e@gizmodo.com','boaRxOB4','2021-09-13 19:40:33'),(304,'bgrimsell8f','Bobbi Grimsell','bgrimsell8f@ft.com','KeqEl7e','2021-09-13 19:40:33'),(305,'jgatsby8g','Jaynell Gatsby','jgatsby8g@biblegateway.com','qpNu6KolCU','2021-09-13 19:40:33'),(306,'cville8h','Camile Ville','cville8h@cmu.edu','Vm7o4vLuy','2021-09-13 19:40:33'),(307,'hbenjafield8i','Helsa Benjafield','hbenjafield8i@technorati.com','hf0h2Nv','2021-09-13 19:40:33'),(308,'mgething8j','Martin Gething','mgething8j@quantcast.com','SHQANUQH','2021-09-13 19:40:33'),(309,'lcredland8k','Lucia Credland','lcredland8k@aboutads.info','a1IVtz3hZVRi','2021-09-13 19:40:33'),(310,'csoper8l','Cris Soper','csoper8l@mozilla.org','K7BSgMa','2021-09-13 19:40:33'),(311,'mschutt8m','Moll Schutt','mschutt8m@engadget.com','TZuezoM5wO','2021-09-13 19:40:34'),(312,'zhalsworth8n','Zack Halsworth','zhalsworth8n@t.co','7EGrT1gY9Dt','2021-09-13 19:40:34'),(313,'cwinckles8o','Chelsae Winckles','cwinckles8o@howstuffworks.com','uiJEOy0gaIH','2021-09-13 19:40:34'),(314,'vlowson8p','Verney Lowson','vlowson8p@state.gov','ob02x1','2021-09-13 19:40:34'),(315,'fghioni8q','Fianna Ghioni','fghioni8q@123-reg.co.uk','9J7Nv6QC','2021-09-13 19:40:34'),(316,'ndomonkos8r','Nanine Domonkos','ndomonkos8r@gravatar.com','HflEoM','2021-09-13 19:40:34'),(317,'fplaister8s','Flore Plaister','fplaister8s@ca.gov','C2EIvP6B','2021-09-13 19:40:34'),(318,'awenderott8t','Aurea Wenderott','awenderott8t@google.ru','FpNfBnT','2021-09-13 19:40:34'),(319,'mstreight8u','Matthaeus Streight','mstreight8u@nhs.uk','eg6b5r6NF1','2021-09-13 19:40:35'),(320,'gcouzens8v','Geralda Couzens','gcouzens8v@phpbb.com','0epPL1M2','2021-09-13 19:40:35'),(321,'jredier8w','Jacynth Redier','jredier8w@pen.io','QTfv4uRToGJ3','2021-09-13 19:40:35'),(322,'stheuss8x','Sibylla Theuss','stheuss8x@reuters.com','pSy06Hv','2021-09-13 19:40:35'),(323,'bcarvill8y','Benedick Carvill','bcarvill8y@fastcompany.com','uyYHOO11wd','2021-09-13 19:40:35'),(324,'cleggon8z','Cymbre Leggon','cleggon8z@facebook.com','rULE7r','2021-09-13 19:40:35'),(325,'echappelow90','Esmaria Chappelow','echappelow90@diigo.com','Yjw10RewUYpZ','2021-09-13 19:40:35'),(326,'bbrewins91','Brett Brewins','bbrewins91@github.com','wD11fgA','2021-09-13 19:40:35'),(327,'lcarous92','Legra Carous','lcarous92@weebly.com','GwzNQZpPwoVi','2021-09-13 19:40:36'),(328,'fcrewther93','Frederique Crewther','fcrewther93@statcounter.com','aiFYgD6Pn','2021-09-13 19:40:36'),(329,'agusticke94','Augustina Gusticke','agusticke94@deviantart.com','5sFIHzdQU','2021-09-13 19:40:36'),(330,'ggutman95','Gayle Gutman','ggutman95@t.co','6aRMcnVS8','2021-09-13 19:40:36'),(331,'kzukierman96','Katharina Zukierman','kzukierman96@themeforest.net','gTri1qFGA','2021-09-13 19:40:36'),(332,'tlabb97','Talbot Labb','tlabb97@linkedin.com','maiY6szBgG','2021-09-13 19:40:36'),(333,'tspuffard98','Thadeus Spuffard','tspuffard98@walmart.com','ondrwF9awYps','2021-09-13 19:40:36'),(334,'bwipper99','Breena Wipper','bwipper99@taobao.com','Rrmt8wrEqfj','2021-09-13 19:40:37'),(335,'apaolozzi9a','Angelia Paolozzi','apaolozzi9a@webs.com','kHsMZB','2021-09-13 19:40:37'),(336,'handreaccio9b','Halie Andreaccio','handreaccio9b@newsvine.com','cMDC1SxpAOi','2021-09-13 19:40:37'),(337,'fbulch9c','Felic Bulch','fbulch9c@posterous.com','ICWY82yz12oF','2021-09-13 19:40:37'),(338,'rromaynes9d','Rosco Romaynes','rromaynes9d@quantcast.com','bAGpCurO5','2021-09-13 19:40:37'),(339,'tdennitts9e','Theresa Dennitts','tdennitts9e@purevolume.com','FNxhMcQ6Z','2021-09-13 19:40:37'),(340,'dlittler9f','Devon Littler','dlittler9f@hugedomains.com','m6XJyf','2021-09-13 19:40:37'),(341,'kgabby9g','Kendre Gabby','kgabby9g@nps.gov','DTemSFDGSNX','2021-09-13 19:40:38'),(342,'eharmstone9h','Elene Harmstone','eharmstone9h@fastcompany.com','RJ1vJxg','2021-09-13 19:40:38'),(343,'jmccourtie9i','Jacquenetta McCourtie','jmccourtie9i@npr.org','6WspTRUSfP','2021-09-13 19:40:38'),(344,'ocritcher9j','Olly Critcher','ocritcher9j@ihg.com','4kASJiESuik','2021-09-13 19:40:38'),(345,'swinley9k','Shanda Winley','swinley9k@marketwatch.com','xncK0YSIx','2021-09-13 19:40:38'),(346,'glockwood9l','Gladi Lockwood','glockwood9l@msn.com','az3MaKQEI','2021-09-13 19:40:38'),(347,'ckeneforde9m','Clemens Keneforde','ckeneforde9m@linkedin.com','BkG8i7','2021-09-13 19:40:38'),(348,'kstanney9n','Konstantin Stanney','kstanney9n@narod.ru','xqMfyrwHrGFX','2021-09-13 19:40:38'),(349,'bsabattier9o','Bengt Sabattier','bsabattier9o@360.cn','tLGRMe','2021-09-13 19:40:38'),(350,'dhechlin9p','Demetrius Hechlin','dhechlin9p@creativecommons.org','XkMxqTlf8','2021-09-13 19:40:38'),(351,'pdutson9q','Percy Dutson','pdutson9q@cpanel.net','6CuEqRS','2021-09-13 19:40:39'),(352,'abroadbent9r','Adelheid Broadbent','abroadbent9r@bloomberg.com','2Q7nySiwUf0k','2021-09-13 19:40:39'),(353,'sswindon9s','Sal Swindon','sswindon9s@last.fm','2Cu9h4klh','2021-09-13 19:40:39'),(354,'eledgard9t','Eugen Ledgard','eledgard9t@histats.com','RcjVmWL','2021-09-13 19:40:39'),(355,'dmansion9u','Dyanne Mansion','dmansion9u@booking.com','Bd5gomOuv0U','2021-09-13 19:40:39'),(356,'baylmer9v','Barron Aylmer','baylmer9v@about.com','iD1Hou','2021-09-13 19:40:39'),(357,'bparfrey9w','Bert Parfrey','bparfrey9w@people.com.cn','LRYwzE7','2021-09-13 19:40:39'),(358,'abamb9x','Alia Bamb','abamb9x@state.tx.us','BdwWGdy6Oi6','2021-09-13 19:40:40'),(359,'mingliby9y','Malanie Ingliby','mingliby9y@php.net','7RY2ic1AnygE','2021-09-13 19:40:40'),(360,'irusbridge9z','Ivie Rusbridge','irusbridge9z@etsy.com','AxFXuR','2021-09-13 19:40:40'),(361,'docuddiea0','Dill O\'Cuddie','docuddiea0@marketwatch.com','dpvSSXJ5KNxA','2021-09-13 19:40:40'),(362,'mgoldinga1','Meade Golding','mgoldinga1@admin.ch','mU0P7pRvvC','2021-09-13 19:40:40'),(363,'blea2','Bernadette Le Barre','blea2@berkeley.edu','SvQniyvc','2021-09-13 19:40:40'),(364,'vbrimmana3','Victoria Brimman','vbrimmana3@ebay.com','c4LzLs6CNKM','2021-09-13 19:40:40'),(365,'scarmela4','Skyler Carmel','scarmela4@fastcompany.com','MVCqRkSppGC','2021-09-13 19:40:40'),(366,'sbeardsa5','Stephanus Beards','sbeardsa5@xrea.com','80PRRypYkKV','2021-09-13 19:40:41'),(367,'mbirka6','Maure Birk','mbirka6@imageshack.us','y6xK3aRBJ','2021-09-13 19:40:41'),(368,'cspeechlya7','Colly Speechly','cspeechlya7@blog.com','nWUt5YdB','2021-09-13 19:40:41'),(369,'ewoolmorea8','Evvie Woolmore','ewoolmorea8@yahoo.com','ew23dODJ','2021-09-13 19:40:41'),(370,'tstickellsa9','Toby Stickells','tstickellsa9@wix.com','65nQIqoLPyiE','2021-09-13 19:40:41'),(371,'ssibbitaa','Seth Sibbit','ssibbitaa@dropbox.com','Z45RAeO','2021-09-13 19:40:41'),(372,'aradbourneab','Alisa Radbourne','aradbourneab@unesco.org','1ncCjTiZI3JN','2021-09-13 19:40:41'),(373,'othunnerclefac','Olivero Thunnerclef','othunnerclefac@uol.com.br','DLtoaWfmqNM','2021-09-13 19:40:41'),(374,'mchippingad','Melisent Chipping','mchippingad@utexas.edu','CXe0NFw','2021-09-13 19:40:41'),(375,'lmoreinuae','Lucita Moreinu','lmoreinuae@indiatimes.com','0Lmbyp','2021-09-13 19:40:41'),(376,'arizzilloaf','Almeda Rizzillo','arizzilloaf@blinklist.com','esyIoIll','2021-09-13 19:40:42'),(377,'dgordonag','Dallas Gordon','dgordonag@surveymonkey.com','zkajkitGAe','2021-09-13 19:40:42'),(378,'ccawkwellah','Clerkclaude Cawkwell','ccawkwellah@oakley.com','Zf2AAHf6qq','2021-09-13 19:40:42'),(379,'mcattachai','Mirella Cattach','mcattachai@oakley.com','7BGFmyc30','2021-09-13 19:40:42'),(380,'ldanielssonaj','Latashia Danielsson','ldanielssonaj@jiathis.com','IIwbX0ZyFv','2021-09-13 19:40:42'),(381,'jhillenak','Jehu Hillen','jhillenak@w3.org','p1kUWK','2021-09-13 19:40:42'),(382,'pmolohanal','Pall Molohan','pmolohanal@joomla.org','gycaghsfUCu','2021-09-13 19:40:42'),(383,'vcawdellam','Vannie Cawdell','vcawdellam@cdbaby.com','DINUVf','2021-09-13 19:40:43'),(384,'ocreekan','Odette Creek','ocreekan@oracle.com','70sRaBp3vGIR','2021-09-13 19:40:43'),(385,'boao','Britni O\' Donohoe','boao@qq.com','04wAa9uChyVR','2021-09-13 19:40:43'),(386,'kbryningap','Kori Bryning','kbryningap@instagram.com','ujpUuY','2021-09-13 19:40:43'),(387,'fkubacekaq','Fawne Kubacek','fkubacekaq@nasa.gov','KTGQBy','2021-09-13 19:40:43'),(388,'rbassinghamar','Rouvin Bassingham','rbassinghamar@nba.com','R1TbuUAk9','2021-09-13 19:40:43'),(389,'cdewenas','Celina Dewen','cdewenas@51.la','ljrNvy7R','2021-09-13 19:40:43'),(390,'spavlitschekat','Sunshine Pavlitschek','spavlitschekat@is.gd','TrUEKE3R','2021-09-13 19:40:43'),(391,'thowroydau','Tish Howroyd','thowroydau@sfgate.com','kdJRbWqN','2021-09-13 19:40:44'),(392,'cgironeav','Carly Girone','cgironeav@google.pl','IcvRf1tbJ','2021-09-13 19:40:44'),(393,'ifatharlyaw','Ignaz Fatharly','ifatharlyaw@deviantart.com','B4amECKRO3','2021-09-13 19:40:44'),(394,'bclemmeyax','Bendix Clemmey','bclemmeyax@webeden.co.uk','kGg7AvmJh','2021-09-13 19:40:44'),(395,'fbarthay','Findley Barth','fbarthay@mail.ru','Vg97TS3i','2021-09-13 19:40:44'),(396,'elamplaz','Elva Lampl','elamplaz@wix.com','OJx3yN5Qw','2021-09-13 19:40:44'),(397,'pkelsallb0','Patty Kelsall','pkelsallb0@wsj.com','Qbr0io1S','2021-09-13 19:40:44'),(398,'smcpaikeb1','Susy McPaike','smcpaikeb1@mlb.com','4xOfUNIaJ','2021-09-13 19:40:44'),(399,'bhymerb2','Bruis Hymer','bhymerb2@indiegogo.com','mW5tw8dmm','2021-09-13 19:40:45'),(400,'zhuckerbeb3','Zacharia Huckerbe','zhuckerbeb3@github.com','NEfiq7','2021-09-13 19:40:45'),(401,'dsapirb4','Dar Sapir','dsapirb4@privacy.gov.au','cBUH05cTY4','2021-09-13 19:40:45'),(402,'ablanckleyb5','Alexandro Blanckley','ablanckleyb5@weebly.com','KCsOcEdVILtn','2021-09-13 19:40:45'),(403,'lsizeyb6','Laurena Sizey','lsizeyb6@virginia.edu','OAIlOSyTSV','2021-09-13 19:40:45'),(404,'rcushionb7','Rena Cushion','rcushionb7@ibm.com','KqLzFYip','2021-09-13 19:40:46'),(405,'nsimmb8','Nari Simm','nsimmb8@fda.gov','j2OeI4PYx','2021-09-13 19:40:46'),(406,'fwhilesb9','Far Whiles','fwhilesb9@photobucket.com','IcXpNrPpNRv4','2021-09-13 19:40:46'),(407,'tcrookshankba','Tasia Crookshank','tcrookshankba@spiegel.de','SzV5zqz5','2021-09-13 19:40:46'),(408,'balsterbb','Bambi Alster','balsterbb@yelp.com','FFyeK0N','2021-09-13 19:40:46'),(409,'aseagerbc','Andrew Seager','aseagerbc@about.com','qL8JpZSPd','2021-09-13 19:40:46'),(410,'cgariebd','Clarisse Garie','cgariebd@phpbb.com','QXY1UEsZei','2021-09-13 19:40:46'),(411,'hbeentjesbe','Hogan Beentjes','hbeentjesbe@nyu.edu','4uuWzpaXCd','2021-09-13 19:40:47'),(412,'dhurchebf','Dyane Hurche','dhurchebf@cornell.edu','Gw2GzVY','2021-09-13 19:40:47'),(413,'cwreakbg','Corrie Wreak','cwreakbg@huffingtonpost.com','gzdP3HU','2021-09-13 19:40:47'),(414,'msperabh','Muhammad Spera','msperabh@edublogs.org','JqRjkRhM5','2021-09-13 19:40:47'),(415,'bjackettbi','Billye Jackett','bjackettbi@imageshack.us','NfgniV','2021-09-13 19:40:47'),(416,'foldmeadowbj','Fernando Oldmeadow','foldmeadowbj@senate.gov','hmPPoEwtp','2021-09-13 19:40:47'),(417,'dspellaceybk','Dulcine Spellacey','dspellaceybk@mit.edu','9EFhjX3Gs','2021-09-13 19:40:48'),(418,'gcoalburnbl','Godfrey Coalburn','gcoalburnbl@webeden.co.uk','6DZLY9xpOY','2021-09-13 19:40:48'),(419,'rlavenbm','Ransom Laven','rlavenbm@dagondesign.com','Pe9eRvTF2u5','2021-09-13 19:40:48'),(420,'fkaygillbn','Fran Kaygill','fkaygillbn@com.com','RW7rvbs','2021-09-13 19:40:48'),(421,'kclacebo','Kinna Clace','kclacebo@woothemes.com','yaJJHR9D','2021-09-13 19:40:48'),(422,'uludwigbp','Ugo Ludwig','uludwigbp@blogtalkradio.com','z8y8xumq3QT','2021-09-13 19:40:48'),(423,'aohanlonbq','Adlai O\'Hanlon','aohanlonbq@utexas.edu','fj0By6m','2021-09-13 19:40:48'),(424,'lcochbr','Luella Coch','lcochbr@ameblo.jp','hoPQEqV','2021-09-13 19:40:49'),(425,'nbuckellbs','Niko Buckell','nbuckellbs@hugedomains.com','hBReUHPAXD','2021-09-13 19:40:49'),(426,'dvigerbt','Dare Viger','dvigerbt@wordpress.org','e3jmLEP5u2WX','2021-09-13 19:40:49'),(427,'jciccoloibu','Jilly Ciccoloi','jciccoloibu@illinois.edu','z3JnLUUZgyo','2021-09-13 19:40:49'),(428,'rraglesbv','Rebecka Ragles','rraglesbv@tiny.cc','vgq4a8NAq','2021-09-13 19:40:49'),(429,'jsmithsonbw','Jocelyn Smithson','jsmithsonbw@about.com','Z3xnxgxe6e','2021-09-13 19:40:49'),(430,'thuftonbx','Thorpe Hufton','thuftonbx@mysql.com','Ur0CebUYO','2021-09-13 19:40:49'),(431,'cpearmainby','Clementius Pearmain','cpearmainby@craigslist.org','2IkO4cTKE','2021-09-13 19:40:50'),(432,'lelcouxbz','Legra Elcoux','lelcouxbz@google.fr','gf2uLk','2021-09-13 19:40:50'),(433,'imcgiffc0','Iain McGiff','imcgiffc0@vistaprint.com','mQbugOi3xaJ','2021-09-13 19:40:50'),(434,'cleynaghc1','Chicky Leynagh','cleynaghc1@pen.io','ElWSzrZEsp','2021-09-13 19:40:50'),(435,'jbeathemc2','Johnathan Beathem','jbeathemc2@huffingtonpost.com','pzmad1f822O8','2021-09-13 19:40:50'),(436,'hbartoszinskic3','Hyacinthie Bartoszinski','hbartoszinskic3@amazonaws.com','OoVfzCLJ','2021-09-13 19:40:50'),(437,'wthridgouldc4','Whittaker Thridgould','wthridgouldc4@so-net.ne.jp','92et8gn7Eg','2021-09-13 19:40:50'),(438,'cdressec5','Cassandra Dresse','cdressec5@salon.com','B3f9tX','2021-09-13 19:40:51'),(439,'mmckleodc6','Maddi McKleod','mmckleodc6@apple.com','sFjyoloZPJI','2021-09-13 19:40:51'),(440,'jflamentc7','Jo Flament','jflamentc7@vinaora.com','TqYwKzlqI','2021-09-13 19:40:51'),(441,'rpallentc8','Rodrique Pallent','rpallentc8@telegraph.co.uk','svQ9ZhndllzV','2021-09-13 19:40:51'),(442,'egossopc9','Estrellita Gossop','egossopc9@hostgator.com','SM0Qoz1pvS','2021-09-13 19:40:51'),(443,'dpurshouseca','Doro Purshouse','dpurshouseca@networksolutions.com','cpFUrpU','2021-09-13 19:40:51'),(444,'mforrestorcb','Matthus Forrestor','mforrestorcb@1688.com','xYaaBLA1','2021-09-13 19:40:51'),(445,'hcradeycc','Hewet Cradey','hcradeycc@live.com','kAyYFSnojaCz','2021-09-13 19:40:51'),(446,'vbloxlandcd','Vinny Bloxland','vbloxlandcd@phpbb.com','wUE9NMp','2021-09-13 19:40:52'),(447,'bloffheadce','Beatrice Loffhead','bloffheadce@netvibes.com','DGprlY','2021-09-13 19:40:52'),(448,'dsawyercf','Dreddy Sawyer','dsawyercf@china.com.cn','PgxpVQpipP','2021-09-13 19:40:52'),(449,'ephipardshearscg','Emmie Phipard-Shears','ephipardshearscg@phpbb.com','7f981BF','2021-09-13 19:40:52'),(450,'ocleefch','Opaline Cleef','ocleefch@yale.edu','vC1MgyQ01vRT','2021-09-13 19:40:52'),(451,'hgippesci','Hadley Gippes','hgippesci@quantcast.com','PTYpphEP','2021-09-13 19:40:52'),(452,'ttakoscj','Tracy Takos','ttakoscj@nba.com','58RpBd','2021-09-13 19:40:52'),(453,'vvautierck','Valida Vautier','vvautierck@bloglines.com','eFUmNJEAKy','2021-09-13 19:40:52'),(454,'lknibleycl','Lancelot Knibley','lknibleycl@apple.com','jzA9GNcAi','2021-09-13 19:40:52'),(455,'cwynescm','Claudie Wynes','cwynescm@independent.co.uk','Gu8UW1qZ','2021-09-13 19:40:53'),(456,'asimoncn','Andrea Simon','asimoncn@prnewswire.com','AawSQc','2021-09-13 19:40:53'),(457,'clammimanco','Charlotta Lammiman','clammimanco@mlb.com','Ao02op8MSv2','2021-09-13 19:40:53'),(458,'asampsoncp','Avie Sampson','asampsoncp@cam.ac.uk','9NzxXwGIol','2021-09-13 19:40:53'),(459,'brosekillycq','Bernadene Rosekilly','brosekillycq@amazonaws.com','8f12lm','2021-09-13 19:40:53'),(460,'aklemensiewiczcr','Ashleigh Klemensiewicz','aklemensiewiczcr@de.vu','gPxjfHUy','2021-09-13 19:40:53'),(461,'tyanyushkincs','Tann Yanyushkin','tyanyushkincs@abc.net.au','95glzlynb','2021-09-13 19:40:53'),(462,'tdavidofct','Tate Davidof','tdavidofct@sun.com','QUitsYVJeZG','2021-09-13 19:40:54'),(463,'mcrevaghcu','Margery Crevagh','mcrevaghcu@economist.com','yxxwgsXq7xtv','2021-09-13 19:40:54'),(464,'aficklingcv','Allegra Fickling','aficklingcv@hp.com','lop6Byj8WqsN','2021-09-13 19:40:54'),(465,'byandlecw','Brynne Yandle','byandlecw@pen.io','j0Ueah','2021-09-13 19:40:54'),(466,'tleelcx','Tades Leel','tleelcx@usa.gov','40YLviGRZzD','2021-09-13 19:40:54'),(467,'rlyptradecy','Rayshell Lyptrade','rlyptradecy@nyu.edu','Wc2jInV9wQ','2021-09-13 19:40:54'),(468,'vgregolicz','Valentine Gregoli','vgregolicz@is.gd','8baOWWHby','2021-09-13 19:40:55'),(469,'bkarbyd0','Betsey Karby','bkarbyd0@cdbaby.com','ltRu8PF','2021-09-13 19:40:55'),(470,'cworboyd1','Coretta Worboy','cworboyd1@bizjournals.com','87g5iq','2021-09-13 19:40:55'),(471,'edaintreed2','Erika Daintree','edaintreed2@vkontakte.ru','rN1T3Y','2021-09-13 19:40:55'),(472,'wlefridged3','Waverly Lefridge','wlefridged3@google.es','IebCHeW1Pfy','2021-09-13 19:40:55'),(473,'rdahlmand4','Rachelle Dahlman','rdahlmand4@businesswire.com','hZFAcLsuxQ','2021-09-13 19:40:55'),(474,'bdalyelld5','Basile Dalyell','bdalyelld5@pcworld.com','gsU6tM','2021-09-13 19:40:55'),(475,'ccampanelled6','Cherey Campanelle','ccampanelled6@wired.com','Apepc5','2021-09-13 19:40:56'),(476,'vbridgwaterd7','Vinny Bridgwater','vbridgwaterd7@mtv.com','sL5GJOX','2021-09-13 19:40:56'),(477,'csperingd8','Catharina Spering','csperingd8@intel.com','CXxaLxB','2021-09-13 19:40:56'),(478,'bwaelandd9','Barbara-anne Waeland','bwaelandd9@addthis.com','Dbuw2u','2021-09-13 19:40:56'),(479,'sbartaluccida','Suellen Bartalucci','sbartaluccida@independent.co.uk','zBAvwM9lS','2021-09-13 19:40:56'),(480,'aconerdingdb','Annabell Conerding','aconerdingdb@sogou.com','dxKAlyM','2021-09-13 19:40:56'),(481,'wgavagandc','Welsh Gavagan','wgavagandc@hostgator.com','Mw0Ss7','2021-09-13 19:40:56'),(482,'smolandd','Sheilah Molan','smolandd@liveinternet.ru','BosbsI9wj','2021-09-13 19:40:56'),(483,'mtilmouthde','Myrtle Tilmouth','mtilmouthde@ovh.net','zpMZYcU','2021-09-13 19:40:56'),(484,'gmarteletdf','Gilli Martelet','gmarteletdf@wufoo.com','zUOX6TzsGJJS','2021-09-13 19:40:57'),(485,'abransbydg','Aveline Bransby','abransbydg@va.gov','GMfnDw','2021-09-13 19:40:57'),(486,'fbattrickdh','Fianna Battrick','fbattrickdh@jigsy.com','WwRi2QKxyx','2021-09-13 19:40:57'),(487,'pcurdelldi','Pancho Curdell','pcurdelldi@google.com.au','KxiQjj3MQl','2021-09-13 19:40:57'),(488,'plawdj','Paulie Law','plawdj@ebay.com','Dgp9OHOh3fqj','2021-09-13 19:40:57'),(489,'kkelleherdk','Klaus Kelleher','kkelleherdk@forbes.com','LnyUmYHr','2021-09-13 19:40:57'),(490,'jrossonidl','Joey Rossoni','jrossonidl@zimbio.com','HzvIUbFpu','2021-09-13 19:40:58'),(491,'ccolloffdm','Charo Colloff','ccolloffdm@time.com','XIQ6tE0NPJ','2021-09-13 19:40:58'),(492,'pmackilpatrickdn','Paloma Mackilpatrick','pmackilpatrickdn@seesaa.net','MfMvcl0qEFw','2021-09-13 19:40:58'),(493,'hblainedo','Hilliard Blaine','hblainedo@home.pl','HYEpX1','2021-09-13 19:40:58'),(494,'gdrandp','Gail Dran','gdrandp@canalblog.com','p3J44VDW','2021-09-13 19:40:58'),(495,'rbonifantdq','Riannon Bonifant','rbonifantdq@jiathis.com','YAvzbF','2021-09-13 19:40:58'),(496,'fmcneillydr','Frayda McNeilly','fmcneillydr@cdbaby.com','iJGHaUb','2021-09-13 19:40:58'),(497,'siacopettids','Sonny Iacopetti','siacopettids@shutterfly.com','bHvgzWHrnV','2021-09-13 19:40:59'),(498,'fmccrowdt','Fredric McCrow','fmccrowdt@vistaprint.com','81wO1Z7','2021-09-13 19:40:59'),(499,'cgommerydu','Colver Gommery','cgommerydu@cdbaby.com','GdKxXz936y','2021-09-13 19:40:59'),(500,'kkybirddv','Karol Kybird','kkybirddv@ted.com','igTQMuByvU','2021-09-13 19:40:59'),(501,'nlandedw','Netty Lande','nlandedw@slideshare.net','zfDqbmq','2021-09-13 19:40:59'),(502,'cmaccaheydx','Celestyna MacCahey','cmaccaheydx@prnewswire.com','hGkgZhX1X8','2021-09-13 19:40:59'),(503,'glowdendy','Gabriella Lowden','glowdendy@mtv.com','xIjAqKYFh','2021-09-13 19:40:59'),(504,'hhamperdz','Hadlee Hamper','hhamperdz@bbb.org','MC2ID7128na','2021-09-13 19:40:59'),(505,'gchettere0','Georgette Chetter','gchettere0@liveinternet.ru','zdZejoovI','2021-09-13 19:40:59'),(506,'efairchilde1','Ennis Fairchild','efairchilde1@ucsd.edu','Tvnpuoo','2021-09-13 19:40:59'),(510,'adame','Eduardo Adame','edu@adame.salles','senhamassa','2021-09-13 21:56:45');
/*!40000 ALTER TABLE `user` ENABLE KEYS */;
UNLOCK TABLES;

--
-- Table structure for table `user_followers`
--

DROP TABLE IF EXISTS `user_followers`;
/*!40101 SET @saved_cs_client     = @@character_set_client */;
/*!40101 SET character_set_client = utf8 */;
CREATE TABLE `user_followers` (
  `id` bigint unsigned NOT NULL AUTO_INCREMENT,
  `source_id` bigint unsigned NOT NULL,
  `target_id` bigint unsigned NOT NULL,
  `created` timestamp NOT NULL DEFAULT CURRENT_TIMESTAMP,
  PRIMARY KEY (`id`),
  KEY `source_followers` (`target_id`),
  KEY `target_followers` (`source_id`),
  CONSTRAINT `source_followers` FOREIGN KEY (`target_id`) REFERENCES `user` (`id`),
  CONSTRAINT `target_followers` FOREIGN KEY (`source_id`) REFERENCES `user` (`id`)
) ENGINE=InnoDB AUTO_INCREMENT=101 DEFAULT CHARSET=utf8mb4 COLLATE=utf8mb4_0900_ai_ci;
/*!40101 SET character_set_client = @saved_cs_client */;

--
-- Dumping data for table `user_followers`
--

LOCK TABLES `user_followers` WRITE;
/*!40000 ALTER TABLE `user_followers` DISABLE KEYS */;
INSERT INTO `user_followers` VALUES (1,143,167,'2021-09-13 20:01:48'),(2,416,227,'2021-09-13 20:01:48'),(3,122,161,'2021-09-13 20:01:49'),(4,114,221,'2021-09-13 20:01:49'),(5,286,496,'2021-09-13 20:01:49'),(6,258,24,'2021-09-13 20:01:49'),(7,215,300,'2021-09-13 20:01:49'),(8,81,280,'2021-09-13 20:01:49'),(9,172,410,'2021-09-13 20:01:49'),(10,321,99,'2021-09-13 20:01:50'),(11,135,140,'2021-09-13 20:01:50'),(12,161,146,'2021-09-13 20:01:50'),(13,93,229,'2021-09-13 20:01:50'),(14,118,483,'2021-09-13 20:01:50'),(15,284,355,'2021-09-13 20:01:50'),(16,335,87,'2021-09-13 20:01:50'),(17,23,152,'2021-09-13 20:01:50'),(18,66,46,'2021-09-13 20:01:51'),(19,307,286,'2021-09-13 20:01:51'),(20,202,457,'2021-09-13 20:01:51'),(21,393,263,'2021-09-13 20:01:51'),(22,481,154,'2021-09-13 20:01:51'),(23,288,59,'2021-09-13 20:01:51'),(24,119,27,'2021-09-13 20:01:51'),(25,72,459,'2021-09-13 20:01:51'),(26,391,317,'2021-09-13 20:01:52'),(27,213,137,'2021-09-13 20:01:52'),(28,106,26,'2021-09-13 20:01:52'),(29,83,204,'2021-09-13 20:01:52'),(30,46,134,'2021-09-13 20:01:52'),(31,306,45,'2021-09-13 20:01:52'),(32,405,320,'2021-09-13 20:01:52'),(33,259,324,'2021-09-13 20:01:52'),(34,125,370,'2021-09-13 20:01:52'),(35,417,103,'2021-09-13 20:01:52'),(36,334,131,'2021-09-13 20:01:53'),(37,392,116,'2021-09-13 20:01:53'),(38,472,145,'2021-09-13 20:01:53'),(39,273,419,'2021-09-13 20:01:53'),(40,210,424,'2021-09-13 20:01:53'),(41,42,357,'2021-09-13 20:01:53'),(42,200,284,'2021-09-13 20:01:53'),(43,376,497,'2021-09-13 20:01:53'),(44,234,118,'2021-09-13 20:01:54'),(45,337,97,'2021-09-13 20:01:54'),(46,285,294,'2021-09-13 20:01:54'),(47,302,149,'2021-09-13 20:01:54'),(48,53,416,'2021-09-13 20:01:54'),(49,256,406,'2021-09-13 20:01:54'),(50,1,245,'2021-09-13 20:01:54'),(51,187,228,'2021-09-13 20:01:55'),(52,478,441,'2021-09-13 20:01:55'),(53,174,249,'2021-09-13 20:01:55'),(54,52,366,'2021-09-13 20:01:55'),(55,440,22,'2021-09-13 20:01:55'),(56,199,39,'2021-09-13 20:01:55'),(57,207,128,'2021-09-13 20:01:55'),(58,321,365,'2021-09-13 20:01:55'),(59,460,35,'2021-09-13 20:01:55'),(60,301,233,'2021-09-13 20:01:55'),(61,385,236,'2021-09-13 20:01:56'),(62,144,174,'2021-09-13 20:01:56'),(63,272,2,'2021-09-13 20:01:56'),(64,331,278,'2021-09-13 20:01:56'),(65,474,65,'2021-09-13 20:01:56'),(66,250,464,'2021-09-13 20:01:56'),(67,452,428,'2021-09-13 20:01:56'),(68,265,176,'2021-09-13 20:01:56'),(69,55,160,'2021-09-13 20:01:56'),(70,361,284,'2021-09-13 20:01:56'),(71,268,376,'2021-09-13 20:01:57'),(72,234,494,'2021-09-13 20:01:57'),(73,251,475,'2021-09-13 20:01:57'),(74,468,212,'2021-09-13 20:01:57'),(75,343,417,'2021-09-13 20:01:57'),(76,283,330,'2021-09-13 20:01:57'),(77,107,283,'2021-09-13 20:01:57'),(78,237,462,'2021-09-13 20:01:57'),(79,343,198,'2021-09-13 20:01:58'),(80,56,1,'2021-09-13 20:01:58'),(81,352,22,'2021-09-13 20:01:58'),(82,82,34,'2021-09-13 20:01:58'),(83,409,71,'2021-09-13 20:01:58'),(84,318,5,'2021-09-13 20:01:58'),(85,137,117,'2021-09-13 20:01:58'),(86,8,277,'2021-09-13 20:01:58'),(87,279,446,'2021-09-13 20:01:59'),(88,219,71,'2021-09-13 20:01:59'),(89,489,369,'2021-09-13 20:01:59'),(90,328,257,'2021-09-13 20:01:59'),(91,265,462,'2021-09-13 20:01:59'),(92,398,139,'2021-09-13 20:01:59'),(93,121,250,'2021-09-13 20:01:59'),(94,115,331,'2021-09-13 20:01:59'),(95,323,218,'2021-09-13 20:01:59'),(96,29,35,'2021-09-13 20:01:59'),(97,248,344,'2021-09-13 20:02:00'),(98,93,336,'2021-09-13 20:02:00'),(99,94,114,'2021-09-13 20:02:00'),(100,476,212,'2021-09-13 20:02:00');
/*!40000 ALTER TABLE `user_followers` ENABLE KEYS */;
UNLOCK TABLES;

--
-- Table structure for table `work_creators`
--

DROP TABLE IF EXISTS `work_creators`;
/*!40101 SET @saved_cs_client     = @@character_set_client */;
/*!40101 SET character_set_client = utf8 */;
CREATE TABLE `work_creators` (
  `id` bigint unsigned NOT NULL AUTO_INCREMENT,
  `works_id` bigint unsigned NOT NULL,
  `creators_id` bigint unsigned NOT NULL,
  PRIMARY KEY (`id`),
  KEY `work_creators_creators` (`creators_id`),
  KEY `work_creators_works` (`works_id`),
  CONSTRAINT `work_creators_creators` FOREIGN KEY (`creators_id`) REFERENCES `creators` (`id`),
  CONSTRAINT `work_creators_works` FOREIGN KEY (`works_id`) REFERENCES `works` (`id`)
) ENGINE=InnoDB AUTO_INCREMENT=1234 DEFAULT CHARSET=utf8mb4 COLLATE=utf8mb4_0900_ai_ci;
/*!40101 SET character_set_client = @saved_cs_client */;

--
-- Dumping data for table `work_creators`
--

LOCK TABLES `work_creators` WRITE;
/*!40000 ALTER TABLE `work_creators` DISABLE KEYS */;
INSERT INTO `work_creators` VALUES (1,11,1),(2,11,2),(3,12,3),(4,12,4),(5,12,5),(6,13,6),(7,13,7),(8,13,8),(9,13,9),(10,14,10),(11,14,11),(12,15,12),(13,15,13),(14,15,14),(15,16,15),(16,16,16),(17,16,17),(18,16,18),(19,16,19),(20,16,20),(21,16,21),(22,16,22),(23,16,23),(24,16,24),(25,16,25),(26,17,26),(27,18,27),(28,18,28),(29,18,29),(30,18,30),(31,18,31),(32,19,32),(33,19,14),(34,19,33),(35,19,34),(36,19,35),(37,20,36),(38,20,37),(39,20,38),(40,20,39),(41,20,40),(42,20,41),(43,21,42),(44,21,43),(45,21,44),(46,22,45),(47,22,46),(48,22,47),(49,22,48),(50,23,49),(51,23,35),(52,24,13),(53,24,50),(54,24,12),(55,24,51),(56,25,52),(57,25,53),(58,25,54),(59,25,55),(60,26,56),(61,26,57),(62,26,35),(63,27,58),(64,27,59),(65,27,60),(66,28,61),(67,28,13),(68,28,51),(69,29,62),(70,30,63),(71,30,3),(72,30,64),(73,30,65),(74,30,66),(75,30,67),(76,31,68),(77,32,45),(78,32,69),(79,33,70),(80,33,71),(81,33,72),(82,34,45),(83,34,69),(84,35,73),(85,35,74),(86,35,75),(87,36,45),(88,36,69),(89,37,45),(90,37,76),(91,37,77),(92,38,78),(93,39,79),(94,39,80),(95,40,12),(96,41,81),(97,42,82),(98,42,83),(99,42,84),(100,43,76),(101,43,45),(102,43,77),(103,44,85),(104,44,86),(105,45,3),(106,45,87),(107,45,88),(108,45,89),(109,45,90),(110,45,91),(111,45,48),(112,46,92),(113,46,93),(114,46,8),(115,47,52),(116,47,94),(117,47,95),(118,47,96),(119,47,97),(120,48,98),(121,48,99),(122,48,12),(123,49,100),(124,49,101),(125,50,102),(126,50,103),(127,50,12),(128,51,104),(129,51,105),(130,52,3),(131,52,46),(132,53,106),(133,53,107),(134,53,108),(135,53,109),(136,54,110),(137,54,95),(138,54,12),(139,55,111),(140,55,112),(141,56,113),(142,56,111),(143,56,15),(144,57,114),(145,57,113),(146,57,111),(147,57,115),(148,58,3),(149,59,100),(150,60,116),(151,60,117),(152,60,118),(153,60,119),(154,60,120),(155,60,121),(156,60,122),(157,61,82),(158,61,123),(159,62,124),(160,62,96),(161,62,40),(162,62,3),(163,63,48),(164,64,45),(165,65,125),(166,65,126),(167,65,49),(168,65,127),(169,65,35),(170,65,128),(171,66,42),(172,66,129),(173,66,130),(174,67,42),(175,67,129),(176,67,130),(177,68,42),(178,68,129),(179,68,130),(180,69,131),(181,69,132),(182,69,133),(183,70,134),(184,70,135),(185,71,136),(186,72,137),(187,72,138),(188,73,134),(189,74,139),(190,74,140),(191,74,141),(192,74,142),(193,74,143),(194,74,144),(195,75,139),(196,76,145),(197,77,146),(198,77,147),(199,78,148),(200,78,3),(201,78,82),(202,78,40),(203,78,36),(204,79,149),(205,80,2),(206,81,12),(207,82,3),(208,83,150),(209,83,151),(210,83,152),(211,83,100),(212,84,153),(213,84,8),(214,84,154),(215,85,155),(216,85,156),(217,85,157),(218,85,158),(219,86,7),(220,86,159),(221,86,160),(222,86,161),(223,87,3),(224,88,162),(225,88,163),(226,88,105),(227,88,164),(228,88,165),(229,89,166),(230,89,101),(231,90,59),(232,90,167),(233,90,7),(234,90,168),(235,90,169),(236,90,170),(237,90,171),(238,91,172),(239,91,173),(240,92,174),(241,93,175),(242,93,176),(243,93,177),(244,93,178),(245,93,179),(246,93,180),(247,93,181),(248,93,182),(249,93,183),(250,94,45),(251,95,45),(252,96,184),(253,96,159),(254,96,185),(255,96,186),(256,97,45),(257,98,187),(258,98,188),(259,98,189),(260,98,190),(261,98,191),(262,98,35),(263,99,192),(264,99,193),(265,99,194),(266,99,195),(267,99,196),(268,100,45),(269,101,72),(270,101,197),(271,102,198),(272,103,107),(273,104,3),(274,104,46),(275,105,199),(276,105,98),(277,105,200),(278,106,201),(279,106,108),(280,106,202),(281,106,203),(282,107,45),(283,108,109),(284,108,108),(285,108,106),(286,108,107),(287,109,204),(288,110,199),(289,110,98),(290,110,200),(291,111,45),(292,112,86),(293,112,205),(294,113,45),(295,114,98),(296,115,206),(297,115,207),(298,115,208),(299,115,75),(300,116,209),(301,117,210),(302,117,2),(303,118,211),(304,118,3),(305,118,36),(306,118,40),(307,118,212),(308,118,213),(309,119,214),(310,119,47),(311,119,215),(312,119,216),(313,119,46),(314,119,107),(315,119,48),(316,120,217),(317,120,35),(318,120,218),(319,121,3),(320,121,219),(321,121,220),(322,121,221),(323,122,60),(324,122,222),(325,122,223),(326,122,224),(327,123,35),(328,123,225),(329,124,226),(330,124,227),(331,124,228),(332,124,229),(333,124,230),(334,124,231),(335,125,232),(336,125,233),(337,125,60),(338,126,234),(339,126,60),(340,126,233),(341,126,235),(342,126,236),(343,126,237),(344,126,238),(345,128,239),(346,128,240),(347,128,241),(348,128,242),(349,129,243),(350,129,244),(351,129,245),(352,129,246),(353,130,45),(354,131,111),(355,131,247),(356,131,248),(357,131,249),(358,131,250),(359,131,251),(360,131,252),(361,131,20),(362,131,253),(363,131,254),(364,132,45),(365,133,3),(366,133,46),(367,134,255),(368,134,57),(369,134,256),(370,135,257),(371,136,45),(372,137,45),(373,137,214),(374,138,45),(375,138,214),(376,139,258),(377,139,35),(378,140,259),(379,140,260),(380,140,261),(381,140,262),(382,141,263),(383,141,257),(384,141,264),(385,141,265),(386,141,266),(387,141,267),(388,141,268),(389,141,269),(390,143,82),(391,143,123),(392,143,270),(393,144,271),(394,144,272),(395,144,20),(396,144,273),(397,144,245),(398,144,274),(399,145,35),(400,146,2),(401,147,206),(402,147,207),(403,147,75),(404,148,275),(405,148,206),(406,148,207),(407,148,276),(408,148,75),(409,149,277),(410,149,278),(411,150,45),(412,150,69),(413,150,279),(414,151,280),(415,151,281),(416,151,282),(417,151,283),(418,151,284),(419,152,8),(420,152,285),(421,153,35),(422,154,35),(423,155,286),(424,155,287),(425,156,288),(426,156,257),(427,157,289),(428,157,290),(429,158,134),(430,158,289),(431,159,184),(432,159,35),(433,160,291),(434,161,3),(435,162,292),(436,162,293),(437,162,218),(438,162,294),(439,162,295),(440,162,35),(441,163,3),(442,164,296),(443,164,280),(444,165,297),(445,166,12),(446,166,298),(447,167,299),(448,168,45),(449,168,300),(450,169,301),(451,169,302),(452,169,257),(453,170,45),(454,170,303),(455,171,304),(456,171,305),(457,171,306),(458,171,307),(459,171,308),(460,171,35),(461,172,45),(462,173,309),(463,173,82),(464,174,310),(465,175,3),(466,176,311),(467,176,312),(468,176,313),(469,176,314),(470,177,257),(471,177,315),(472,178,316),(473,179,317),(474,179,318),(475,179,107),(854,275,470),(855,275,471),(856,275,472),(857,275,473),(858,275,474),(859,275,475),(860,275,476),(861,276,471),(862,276,476),(863,277,470),(864,277,471),(865,277,472),(866,277,476),(867,278,470),(868,278,477),(869,278,478),(870,278,479),(871,278,480),(872,278,481),(873,279,470),(874,279,482),(875,279,483),(876,280,470),(877,280,471),(878,280,472),(879,280,476),(880,281,484),(881,281,485),(882,281,472),(883,281,486),(884,281,487),(885,281,488),(886,281,489),(887,282,471),(888,283,490),(889,283,472),(890,283,491),(891,283,492),(892,283,182),(893,283,493),(894,283,494),(895,284,470),(896,284,471),(897,284,472),(898,285,495),(899,285,492),(900,285,496),(901,285,497),(902,286,487),(903,286,498),(904,287,471),(905,287,182),(906,287,499),(907,288,500),(908,288,501),(909,289,488),(910,289,502),(911,289,503),(912,289,504),(913,289,505),(914,289,506),(915,290,507),(916,291,482),(917,291,492),(918,291,182),(919,291,497),(920,291,508),(921,292,470),(922,292,471),(923,292,472),(924,292,509),(925,292,510),(926,292,476),(927,293,471),(928,293,476),(929,294,485),(930,294,511),(931,294,512),(932,294,513),(933,294,476),(934,295,470),(935,295,471),(936,295,472),(937,295,476),(938,295,514),(939,296,470),(940,296,471),(941,296,478),(942,296,479),(943,297,491),(944,297,515),(945,297,476),(946,297,516),(947,297,517),(948,298,490),(949,298,472),(950,298,182),(951,298,518),(952,299,471),(953,299,519),(954,299,491),(955,299,520),(956,300,471),(957,300,182),(958,301,521),(959,302,522),(960,302,523),(961,304,482),(962,305,471),(963,306,524),(964,306,525),(965,306,526),(966,306,527),(967,306,528),(968,306,529),(969,307,471),(970,307,472),(971,307,526),(972,307,530),(973,307,531),(974,308,532),(975,309,525),(976,309,527),(977,309,533),(978,309,534),(979,309,535),(980,309,536),(981,309,537),(982,309,538),(983,310,314),(984,310,491),(985,310,509),(986,310,539),(987,310,540),(988,310,541),(989,311,542),(990,311,476),(991,312,471),(992,312,182),(993,313,485),(994,313,182),(995,313,513),(996,75,488),(997,315,530),(998,315,543),(999,315,476),(1000,316,471),(1001,316,532),(1002,316,505),(1003,74,143),(1004,74,513),(1005,318,470),(1006,318,314),(1007,318,495),(1008,318,544),(1009,318,545),(1010,318,546),(1011,318,476),(1012,318,504),(1013,319,485),(1014,319,513),(1015,319,476),(1016,320,471),(1017,320,472),(1018,320,542),(1019,320,479),(1020,320,547),(1021,321,470),(1022,321,471),(1023,321,472),(1024,321,509),(1025,321,510),(1026,321,476),(1027,322,471),(1028,322,472),(1029,322,530),(1030,322,548),(1031,322,549),(1032,323,525),(1033,323,526),(1034,323,527),(1035,323,534),(1036,323,550),(1037,323,535),(1038,323,505),(1039,323,551),(1040,323,552),(1041,324,470),(1042,324,471),(1043,324,472),(1044,324,476),(1045,325,492),(1046,325,553),(1047,325,496),(1048,325,498),(1049,326,510),(1050,326,554),(1051,326,555),(1052,326,556),(1053,326,531),(1054,327,471),(1055,327,491),(1056,327,476),(1057,327,504),(1058,328,471),(1059,328,472),(1060,328,530),(1061,328,476),(1062,328,557),(1063,329,558),(1064,329,143),(1065,330,472),(1066,330,491),(1067,330,526),(1068,330,539),(1069,330,515),(1070,330,476),(1071,331,471),(1072,331,182),(1073,331,499),(1074,332,482),(1075,332,505),(1076,332,559),(1077,333,472),(1078,333,487),(1079,333,530),(1080,333,488),(1081,333,547),(1082,333,185),(1083,333,539),(1084,333,560),(1085,334,472),(1086,334,491),(1087,334,526),(1088,334,539),(1089,334,515),(1090,334,476),(1091,335,491),(1092,335,182),(1093,335,561),(1094,335,562),(1095,336,470),(1096,336,477),(1097,336,478),(1098,336,479),(1099,336,480),(1100,336,481),(1101,337,471),(1102,337,532),(1103,337,505),(1104,338,510),(1105,338,554),(1106,338,563),(1107,338,476),(1108,339,490),(1109,339,472),(1110,339,491),(1111,339,492),(1112,339,182),(1113,339,493),(1114,339,494),(1115,340,505),(1116,341,471),(1117,341,182),(1118,341,499),(1119,342,472),(1120,342,491),(1121,342,526),(1122,342,539),(1123,342,515),(1124,342,476),(1125,343,492),(1126,343,494),(1127,344,314),(1128,344,472),(1129,344,564),(1130,344,182),(1131,344,143),(1132,344,513),(1133,345,565),(1134,345,566),(1135,345,567),(1136,345,499),(1137,346,568),(1138,346,569),(1139,346,570),(1140,347,471),(1141,347,571),(1142,347,556),(1143,347,572),(1144,347,573),(1145,347,497),(1146,347,505),(1147,348,470),(1148,348,510),(1149,349,470),(1150,349,471),(1151,349,478),(1152,349,479),(1153,350,471),(1154,350,530),(1155,351,490),(1156,351,472),(1157,351,491),(1158,351,492),(1159,351,182),(1160,351,493),(1161,351,494),(1162,352,471),(1163,353,471),(1164,353,529),(1165,353,574),(1166,353,532),(1167,354,314),(1168,355,470),(1169,355,575),(1170,355,143),(1171,355,576),(1172,356,577),(1173,356,491),(1174,356,182),(1175,356,561),(1176,357,501),(1177,358,471),(1178,358,472),(1179,358,182),(1180,358,530),(1181,358,548),(1182,359,314),(1183,359,491),(1184,359,509),(1185,359,540),(1186,359,541),(1187,360,471),(1188,360,182),(1189,360,578),(1190,361,472),(1191,361,579),(1192,361,530),(1193,361,561),(1194,361,480),(1195,361,476),(1196,361,580),(1197,362,485),(1198,363,470),(1199,363,471),(1200,363,472),(1201,363,511),(1202,363,568),(1203,363,509),(1204,364,471),(1205,364,182),(1206,364,499),(1207,365,470),(1208,365,471),(1209,365,472),(1210,365,476),(1211,366,470),(1212,366,581),(1213,366,487),(1214,366,526),(1215,366,582),(1216,366,583),(1217,366,584),(1218,367,471),(1219,367,182),(1220,368,554),(1221,369,485),(1222,369,585),(1223,369,513),(1224,370,485),(1225,370,182),(1226,370,513),(1227,371,470),(1228,371,471),(1229,371,472),(1230,371,473),(1231,371,475),(1232,371,586),(1233,371,476);
/*!40000 ALTER TABLE `work_creators` ENABLE KEYS */;
UNLOCK TABLES;

--
-- Table structure for table `work_genres`
--

DROP TABLE IF EXISTS `work_genres`;
/*!40101 SET @saved_cs_client     = @@character_set_client */;
/*!40101 SET character_set_client = utf8 */;
CREATE TABLE `work_genres` (
  `id` bigint unsigned NOT NULL AUTO_INCREMENT,
  `works_id` bigint unsigned NOT NULL,
  `genres_id` bigint unsigned NOT NULL,
  PRIMARY KEY (`id`),
  KEY `genres_works` (`works_id`),
  KEY `work_genres_genres` (`genres_id`),
  CONSTRAINT `genres_works` FOREIGN KEY (`works_id`) REFERENCES `works` (`id`),
  CONSTRAINT `work_genres_genres` FOREIGN KEY (`genres_id`) REFERENCES `genres` (`id`)
) ENGINE=InnoDB AUTO_INCREMENT=1409 DEFAULT CHARSET=utf8mb4 COLLATE=utf8mb4_0900_ai_ci;
/*!40101 SET character_set_client = @saved_cs_client */;

--
-- Dumping data for table `work_genres`
--

LOCK TABLES `work_genres` WRITE;
/*!40000 ALTER TABLE `work_genres` DISABLE KEYS */;
INSERT INTO `work_genres` VALUES (1,11,7),(2,11,8),(3,11,9),(4,12,7),(5,12,10),(6,12,8),(7,13,11),(8,13,12),(9,14,13),(10,14,11),(11,15,14),(12,15,11),(13,15,15),(14,16,10),(15,16,14),(16,16,11),(17,17,16),(18,17,7),(19,18,11),(20,18,13),(21,18,12),(22,19,11),(23,20,11),(24,20,16),(25,20,13),(26,21,11),(27,22,9),(28,22,10),(29,22,7),(30,23,16),(31,23,17),(32,23,7),(33,24,11),(34,24,12),(35,25,8),(36,25,10),(37,26,7),(38,26,11),(39,26,10),(40,27,11),(41,27,9),(42,27,15),(43,27,18),(44,28,11),(45,28,12),(46,29,9),(47,29,19),(48,29,17),(49,30,15),(50,30,14),(51,30,10),(52,31,11),(53,31,10),(54,31,20),(55,32,9),(56,32,15),(57,33,11),(58,33,12),(59,34,9),(60,34,15),(61,35,11),(62,35,13),(63,35,12),(64,36,9),(65,36,15),(66,37,15),(67,37,16),(68,37,14),(69,38,21),(70,39,21),(71,40,14),(72,40,11),(73,40,8),(74,40,10),(75,41,16),(76,42,15),(77,42,10),(78,42,7),(79,42,9),(80,43,15),(81,43,16),(82,43,14),(83,44,7),(84,44,15),(85,44,9),(86,45,15),(87,45,11),(88,45,9),(89,46,16),(90,46,11),(91,47,16),(92,47,14),(93,48,14),(94,48,11),(95,48,15),(96,49,11),(97,49,12),(98,50,14),(99,50,11),(100,51,15),(101,51,11),(102,51,10),(103,52,9),(104,52,16),(105,52,7),(106,52,22),(107,53,7),(108,53,15),(109,53,9),(110,53,10),(111,54,14),(112,54,16),(113,55,11),(114,56,16),(115,56,11),(116,56,8),(117,57,11),(118,57,8),(119,57,12),(120,58,15),(121,58,14),(122,58,11),(123,58,10),(124,59,16),(125,59,11),(126,59,12),(127,60,11),(128,61,12),(129,61,16),(130,62,16),(131,62,14),(132,63,11),(133,63,10),(134,63,14),(135,63,12),(136,64,14),(137,64,11),(138,64,18),(139,64,10),(140,65,9),(141,65,16),(142,65,22),(143,65,17),(144,66,9),(145,66,17),(146,66,15),(147,67,9),(148,67,17),(149,67,15),(150,68,9),(151,68,17),(152,68,15),(153,69,9),(154,69,19),(155,69,17),(156,70,11),(157,71,21),(158,72,11),(159,72,23),(160,73,11),(161,74,9),(162,74,17),(163,74,19),(164,75,19),(165,75,22),(166,75,17),(167,76,21),(168,76,13),(169,77,21),(170,78,9),(171,78,16),(172,78,14),(173,79,21),(174,79,13),(175,80,11),(176,80,20),(177,81,12),(178,81,17),(179,81,11),(180,81,16),(181,82,20),(182,82,11),(183,82,17),(184,83,11),(185,83,16),(186,83,12),(187,84,14),(188,84,11),(189,84,12),(190,84,10),(191,84,8),(192,85,17),(193,85,11),(194,85,8),(195,86,11),(196,86,12),(197,87,11),(198,87,24),(199,88,11),(200,88,17),(201,88,12),(202,89,11),(203,89,12),(204,90,9),(205,90,11),(206,90,15),(207,90,12),(208,91,11),(209,92,12),(210,92,11),(211,93,19),(212,93,7),(213,93,15),(214,94,10),(215,94,15),(216,94,16),(217,94,14),(218,94,11),(219,95,7),(220,95,9),(221,95,8),(222,96,16),(223,96,11),(224,96,12),(225,97,15),(226,97,9),(227,97,7),(228,97,10),(229,98,11),(230,98,15),(231,98,14),(232,98,10),(233,99,16),(234,99,11),(235,99,12),(236,100,7),(237,100,15),(238,100,9),(239,100,10),(240,101,16),(241,101,11),(242,102,21),(243,103,17),(244,103,11),(245,103,12),(246,104,9),(247,104,16),(248,104,22),(249,104,7),(250,105,11),(251,105,12),(252,105,16),(253,106,7),(254,106,11),(255,107,7),(256,107,9),(257,108,7),(258,108,15),(259,108,10),(260,109,20),(261,109,10),(262,109,7),(263,110,16),(264,110,12),(265,110,11),(266,111,7),(267,111,15),(268,111,9),(269,111,10),(270,112,9),(271,112,11),(272,112,22),(273,112,17),(274,112,7),(275,113,7),(276,113,15),(277,113,9),(278,113,10),(279,114,9),(280,114,11),(281,114,12),(282,115,20),(283,115,8),(284,115,14),(285,116,16),(286,116,11),(287,117,10),(288,117,15),(289,117,14),(290,117,11),(291,118,14),(292,118,10),(293,119,15),(294,119,10),(295,119,7),(296,119,8),(297,120,11),(298,120,10),(299,120,8),(300,121,9),(301,121,16),(302,121,11),(303,121,22),(304,122,14),(305,122,10),(306,122,11),(307,123,7),(308,123,11),(309,124,11),(310,124,10),(311,124,14),(312,124,8),(313,125,10),(314,125,15),(315,125,14),(316,126,14),(317,126,15),(318,126,10),(319,127,21),(320,128,11),(321,129,11),(322,129,10),(323,129,8),(324,130,7),(325,130,15),(326,130,9),(327,130,10),(328,131,16),(329,131,12),(330,132,16),(331,132,14),(332,132,12),(333,133,9),(334,133,16),(335,133,7),(336,134,15),(337,134,11),(338,134,18),(339,134,24),(340,135,16),(341,135,24),(342,136,7),(343,136,15),(344,136,9),(345,136,10),(346,137,7),(347,137,15),(348,137,9),(349,137,10),(350,138,7),(351,138,15),(352,138,9),(353,138,10),(354,139,11),(355,139,14),(356,140,11),(357,140,10),(358,140,9),(359,141,11),(360,141,18),(361,141,24),(362,142,11),(363,143,11),(364,144,16),(365,144,11),(366,145,16),(367,145,14),(368,146,8),(369,146,10),(370,147,20),(371,147,10),(372,147,14),(373,148,20),(374,149,12),(375,149,11),(376,150,9),(377,150,15),(378,151,15),(379,151,10),(380,151,7),(381,152,16),(382,152,11),(383,152,12),(384,153,11),(385,153,12),(386,154,11),(387,155,21),(388,155,18),(389,156,8),(390,156,11),(391,156,10),(392,156,12),(393,157,11),(394,158,11),(395,158,18),(396,159,14),(397,159,11),(398,160,11),(399,161,11),(400,161,20),(401,161,7),(402,162,11),(403,162,10),(404,163,15),(405,163,14),(406,163,11),(407,164,11),(408,165,11),(409,165,20),(410,165,10),(411,165,14),(412,166,14),(413,166,11),(414,167,11),(415,167,10),(416,167,14),(417,167,12),(418,168,11),(419,168,14),(420,169,16),(421,169,13),(422,169,12),(423,169,14),(424,170,11),(425,170,14),(426,171,14),(427,171,10),(428,171,11),(429,172,14),(430,172,11),(431,172,10),(432,173,16),(433,173,11),(434,173,12),(435,173,13),(436,174,9),(437,174,20),(438,174,7),(439,175,11),(440,175,16),(441,175,12),(442,176,9),(443,176,11),(444,176,15),(445,177,14),(446,177,11),(447,177,10),(448,178,16),(449,178,11),(450,179,16),(451,179,11),(922,275,15),(923,275,16),(924,275,67),(925,275,68),(926,275,69),(927,275,70),(928,275,71),(929,276,15),(930,276,72),(931,276,67),(932,276,71),(933,276,73),(934,277,15),(935,277,16),(936,277,67),(937,277,68),(938,277,69),(939,277,70),(940,277,71),(941,278,74),(942,278,16),(943,278,73),(944,278,11),(945,278,12),(946,278,75),(947,279,70),(948,279,74),(949,279,17),(950,279,71),(951,280,15),(952,280,16),(953,280,67),(954,280,68),(955,280,69),(956,280,70),(957,280,71),(958,281,17),(959,281,74),(960,282,15),(961,282,67),(962,282,11),(963,282,12),(964,282,76),(965,282,69),(966,282,71),(967,283,15),(968,283,11),(969,283,17),(970,283,77),(971,283,8),(972,283,71),(973,283,78),(974,284,15),(975,284,16),(976,284,67),(977,284,68),(978,284,69),(979,284,70),(980,284,71),(981,285,74),(982,285,11),(983,285,17),(984,286,16),(985,286,8),(986,286,12),(987,286,79),(988,286,70),(989,286,73),(990,287,9),(991,287,17),(992,287,67),(993,287,8),(994,287,80),(995,287,74),(996,287,73),(997,288,73),(998,288,11),(999,289,12),(1000,289,73),(1001,289,79),(1002,289,11),(1003,290,15),(1004,290,67),(1005,290,72),(1006,290,73),(1007,290,11),(1008,290,81),(1009,291,11),(1010,291,79),(1011,291,71),(1012,292,15),(1013,292,70),(1014,292,16),(1015,292,67),(1016,292,68),(1017,292,69),(1018,292,71),(1019,293,15),(1020,293,67),(1021,293,72),(1022,293,73),(1023,293,71),(1024,294,8),(1025,294,82),(1026,294,83),(1027,294,73),(1028,294,10),(1029,294,71),(1030,295,15),(1031,295,16),(1032,295,67),(1033,295,68),(1034,295,69),(1035,295,70),(1036,295,71),(1037,296,74),(1038,296,72),(1039,296,73),(1040,296,11),(1041,296,75),(1042,297,15),(1043,297,72),(1044,297,73),(1045,297,79),(1046,297,71),(1047,298,15),(1048,298,9),(1049,298,67),(1050,298,11),(1051,298,80),(1052,299,15),(1053,299,77),(1054,299,9),(1055,299,16),(1056,299,11),(1057,299,81),(1058,299,17),(1059,299,71),(1060,300,8),(1061,300,16),(1062,300,73),(1063,300,84),(1064,301,15),(1065,301,11),(1066,301,71),(1067,301,74),(1068,301,85),(1069,302,16),(1070,302,11),(1071,302,79),(1072,302,71),(1073,302,85),(1074,303,70),(1075,303,9),(1076,303,8),(1077,303,11),(1078,303,17),(1079,304,74),(1080,304,11),(1081,304,17),(1082,305,15),(1083,305,70),(1084,305,86),(1085,305,78),(1086,305,87),(1087,306,70),(1088,306,83),(1089,306,11),(1090,306,10),(1091,307,15),(1092,307,9),(1093,307,11),(1094,307,75),(1095,308,15),(1096,308,8),(1097,308,73),(1098,308,11),(1099,308,12),(1100,308,10),(1101,309,70),(1102,309,9),(1103,309,8),(1104,309,11),(1105,309,17),(1106,310,15),(1107,310,77),(1108,310,70),(1109,310,78),(1110,310,11),(1111,310,87),(1112,310,79),(1113,311,16),(1114,311,11),(1115,311,12),(1116,311,71),(1117,312,15),(1118,312,8),(1119,312,73),(1120,312,84),(1121,313,16),(1122,313,85),(1123,313,11),(1124,313,71),(1125,75,9),(1126,75,73),(1127,75,11),(1128,315,15),(1129,315,9),(1130,315,16),(1131,315,78),(1132,315,11),(1133,315,17),(1134,315,71),(1135,316,15),(1136,316,73),(1137,316,81),(1138,316,17),(1139,74,15),(1140,74,9),(1141,74,17),(1142,318,15),(1143,318,70),(1144,318,16),(1145,318,68),(1146,318,78),(1147,318,73),(1148,319,15),(1149,319,9),(1150,319,17),(1151,319,71),(1152,319,78),(1153,320,11),(1154,320,88),(1155,320,80),(1156,320,74),(1157,321,15),(1158,321,70),(1159,321,16),(1160,321,67),(1161,321,68),(1162,321,69),(1163,321,71),(1164,322,11),(1165,322,83),(1166,322,80),(1167,322,85),(1168,323,9),(1169,323,16),(1170,323,11),(1171,324,15),(1172,324,70),(1173,324,16),(1174,324,67),(1175,324,68),(1176,324,69),(1177,324,71),(1178,325,74),(1179,325,16),(1180,325,73),(1181,325,11),(1182,325,12),(1183,326,15),(1184,326,74),(1185,326,16),(1186,326,73),(1187,327,16),(1188,327,83),(1189,327,12),(1190,327,79),(1191,327,80),(1192,328,70),(1193,328,8),(1194,328,20),(1195,328,83),(1196,328,10),(1197,328,71),(1198,329,9),(1199,329,11),(1200,329,17),(1201,329,12),(1202,330,16),(1203,330,85),(1204,330,11),(1205,330,79),(1206,330,71),(1207,331,9),(1208,331,74),(1209,331,8),(1210,331,67),(1211,331,73),(1212,331,17),(1213,331,80),(1214,332,74),(1215,332,11),(1216,332,12),(1217,333,8),(1218,333,16),(1219,333,83),(1220,333,12),(1221,334,16),(1222,334,85),(1223,334,11),(1224,334,79),(1225,334,71),(1226,335,11),(1227,335,67),(1228,335,89),(1229,336,74),(1230,336,16),(1231,336,73),(1232,336,11),(1233,336,12),(1234,336,75),(1235,337,15),(1236,337,17),(1237,337,81),(1238,337,73),(1239,338,15),(1240,338,9),(1241,338,71),(1242,339,15),(1243,339,77),(1244,339,8),(1245,339,78),(1246,339,11),(1247,339,17),(1248,339,71),(1249,340,11),(1250,340,17),(1251,340,83),(1252,340,10),(1253,341,9),(1254,341,74),(1255,341,8),(1256,341,67),(1257,341,73),(1258,341,17),(1259,341,80),(1260,342,16),(1261,342,85),(1262,342,11),(1263,342,79),(1264,342,71),(1265,343,8),(1266,344,15),(1267,344,77),(1268,344,70),(1269,344,8),(1270,344,82),(1271,344,87),(1272,344,80),(1273,345,9),(1274,345,74),(1275,345,8),(1276,345,67),(1277,345,73),(1278,345,17),(1279,345,80),(1280,346,74),(1281,346,16),(1282,347,11),(1283,347,12),(1284,347,79),(1285,347,73),(1286,348,15),(1287,348,70),(1288,348,16),(1289,348,67),(1290,348,68),(1291,348,11),(1292,348,69),(1293,348,71),(1294,349,74),(1295,349,72),(1296,349,73),(1297,349,11),(1298,349,75),(1299,350,74),(1300,350,16),(1301,350,11),(1302,350,79),(1303,350,71),(1304,351,15),(1305,351,77),(1306,351,8),(1307,351,78),(1308,351,11),(1309,351,17),(1310,351,71),(1311,352,74),(1312,352,11),(1313,352,12),(1314,353,15),(1315,353,73),(1316,353,81),(1317,353,17),(1318,354,15),(1319,354,9),(1320,354,16),(1321,354,11),(1322,354,70),(1323,354,86),(1324,355,77),(1325,355,70),(1326,355,86),(1327,355,11),(1328,356,67),(1329,356,11),(1330,356,89),(1331,357,67),(1332,357,73),(1333,357,11),(1334,358,13),(1335,358,11),(1336,358,12),(1337,358,79),(1338,358,71),(1339,359,15),(1340,359,77),(1341,359,70),(1342,359,78),(1343,359,11),(1344,359,87),(1345,360,8),(1346,360,16),(1347,360,73),(1348,360,12),(1349,360,84),(1350,361,15),(1351,361,16),(1352,361,79),(1353,361,71),(1354,362,16),(1355,362,85),(1356,362,11),(1357,362,71),(1358,363,15),(1359,363,70),(1360,363,9),(1361,363,16),(1362,363,87),(1363,364,9),(1364,364,17),(1365,364,67),(1366,364,8),(1367,364,80),(1368,364,74),(1369,364,73),(1370,365,15),(1371,365,16),(1372,365,67),(1373,365,68),(1374,365,69),(1375,365,70),(1376,365,71),(1377,366,70),(1378,366,90),(1379,366,83),(1380,366,11),(1381,366,87),(1382,367,15),(1383,367,8),(1384,367,73),(1385,367,84),(1386,368,15),(1387,368,70),(1388,368,83),(1389,368,11),(1390,368,87),(1391,369,11),(1392,369,20),(1393,369,8),(1394,369,82),(1395,369,83),(1396,369,80),(1397,369,10),(1398,370,16),(1399,370,85),(1400,370,11),(1401,370,71),(1402,371,15),(1403,371,70),(1404,371,16),(1405,371,67),(1406,371,68),(1407,371,69),(1408,371,71);
/*!40000 ALTER TABLE `work_genres` ENABLE KEYS */;
UNLOCK TABLES;

--
-- Table structure for table `works`
--

DROP TABLE IF EXISTS `works`;
/*!40101 SET @saved_cs_client     = @@character_set_client */;
/*!40101 SET character_set_client = utf8 */;
CREATE TABLE `works` (
  `id` bigint unsigned NOT NULL AUTO_INCREMENT,
  `name` varchar(255) NOT NULL,
  `type` varchar(255) NOT NULL,
  `publisher` varchar(255) DEFAULT NULL,
  `synopsis` text,
  `released` date NOT NULL,
  PRIMARY KEY (`id`)
) ENGINE=InnoDB AUTO_INCREMENT=372 DEFAULT CHARSET=utf8mb4 COLLATE=utf8mb4_0900_ai_ci COMMENT='piece of media. remeber to add score post-calculated.';
/*!40101 SET character_set_client = @saved_cs_client */;

--
-- Dumping data for table `works`
--

LOCK TABLES `works` WRITE;
/*!40000 ALTER TABLE `works` DISABLE KEYS */;
INSERT INTO `works` VALUES (11,'2001: A Space Odyssey','Movie',NULL,'Humanity finds a mysterious object buried beneath the lunar surface and sets off to find its origins with the help of HAL 9000, the world\'s most advanced super computer.','1968-04-02'),(12,'Twelve Monkeys','Movie',NULL,'In the year 2035, convict James Cole reluctantly volunteers to be sent back in time to discover the origin of a deadly virus that wiped out nearly all of the earth\'s population and forced the survivors into underground communities. But when Cole is mistakenly sent to 1990 instead of 1996, he\'s arrested and locked up in a mental hospital. There he meets psychiatrist Dr. Kathryn Railly, and patient Jeffrey Goines, the son of a famous virus expert, who may hold the key to the mysterious rogue group, the Army of the 12 Monkeys, thought to be responsible for unleashing the killer disease.','1995-12-29'),(13,'Talk to Her','Movie',NULL,'Two men share an odd friendship while they care for two women who are both in deep comas.','2002-03-14'),(14,'8 Mile','Movie',NULL,'The setting is Detroit in 1995. The city is divided by 8 Mile, a road that splits the town in half along racial lines. A young white rapper, Jimmy \"B-Rabbit\" Smith Jr. summons strength within himself to cross over these arbitrary boundaries to fulfill his dream of success in hip hop. With his pal Future and the three one third in place, all he has to do is not choke.','2002-11-08'),(15,'Absolute Power','Movie',NULL,'A master thief coincidentally is robbing a house where a murder—in which the President of The United States is involved—occurs in front of his eyes. He is forced to run, while holding evidence that could convict the President.','1997-02-14'),(16,'Paradise Now','Movie',NULL,'Two childhood friends are recruited for a suicide bombing in Tel Aviv.','2005-02-14'),(17,'Brazil','Movie',NULL,'Low-level bureaucrat Sam Lowry escapes the monotony of his day-to-day life through a recurring daydream of himself as a virtuous hero saving a beautiful damsel. Investigating a case that led to the wrongful arrest and eventual death of an innocent man instead of wanted terrorist Harry Tuttle, he meets the woman from his daydream, and in trying to help her gets caught in a web of mistaken identities, mindless bureaucracy and lies.','1985-02-20'),(18,'Walk the Line','Movie',NULL,'A chronicle of country music legend Johnny Cash\'s life, from his early days on an Arkansas cotton farm to his rise to fame with Sun Records in Memphis, where he recorded alongside Elvis Presley, Jerry Lee Lewis and Carl Perkins.','2005-09-13'),(19,'Million Dollar Baby','Movie',NULL,'Despondent over a painful estrangement from his daughter, trainer Frankie Dunn isn\'t prepared for boxer Maggie Fitzgerald to enter his life. But Maggie\'s determined to go pro and to convince Dunn and his cohort to help her.','2004-12-15'),(20,'Billy Elliot','Movie',NULL,'Set against the background of the 1984 Miners\' Strike, 11-year-old Billy Elliot stumbles out of the boxing ring and onto the ballet floor. He faces many trials and triumphs as he strives to conquer his family\'s set ways, inner conflict, and standing on his toes.','2000-05-18'),(21,'American History X','Movie',NULL,'Derek Vineyard is paroled after serving 3 years in prison for killing two African-American men. Through his brother, Danny Vineyard\'s narration, we learn that before going to prison, Derek was a skinhead and the leader of a violent white supremacist gang that committed acts of racial crime throughout L.A. and his actions greatly influenced Danny. Reformed and fresh out of prison, Derek severs contact with the gang and becomes determined to keep Danny from going down the same violent path as he did.','1998-10-30'),(22,'War of the Worlds','Movie',NULL,'Ray Ferrier is a divorced dockworker and less-than-perfect father. Soon after his ex-wife and her new husband drop off his teenage son and young daughter for a rare weekend visit, a strange and powerful lightning storm touches down.','2005-06-28'),(23,'Mars Attacks!','Movie',NULL,'\'We come in peace\' is not what those green men from Mars mean when they invade our planet, armed with irresistible weapons and a cruel sense of humor.  This star studded cast must play victim to the alien’s fun and games in this comedy homage to science fiction films of the \'50s and \'60s.','1996-12-12'),(24,'Before Sunrise','Movie',NULL,'On his way to Vienna, American Jesse meets Céline, a student returning to Paris. After long conversations forge a surprising connection between them, Jesse convinces Celine to get off the train with him in Vienna. Since his flight to the U.S. departs the next morning and he has no money for lodging, they wander the city together, taking in the experiences of Vienna and each other.','1995-01-27'),(25,'Memento','Movie',NULL,'Leonard Shelby is tracking down the man who raped and murdered his wife. The difficulty of locating his wife\'s killer, however, is compounded by the fact that he suffers from a rare, untreatable form of short-term memory loss. Although he can recall details of life before his accident, Leonard cannot remember what happened fifteen minutes ago, where he\'s going, or why.','2000-10-11'),(26,'Blade Runner','Movie',NULL,'In the smog-choked dystopian Los Angeles of 2019, blade runner Rick Deckard is called out of retirement to terminate a quartet of replicants who have escaped to Earth seeking their creator for a way to extend their short life spans.','1982-06-25'),(27,'Hero','Movie',NULL,'One man defeated three assassins who sought to murder the most powerful warlord in pre-unified China.','2002-07-22'),(28,'Before Sunset','Movie',NULL,'Nine years later, Jesse travels across Europe giving readings from a book he wrote about the night he spent in Vienna with Celine. After his reading in Paris, Celine finds him, and they spend part of the day together before Jesse has to again leave for a flight. They are both in relationships now, and Jesse has a son, but as their strong feelings for each other start to return, both confess a longing for more.','2004-02-10'),(29,'Nausicaä of the Valley of the Wind','Movie',NULL,'After a global war, the seaside kingdom known as the Valley of the Wind remains one of the last strongholds on Earth untouched by a poisonous jungle and the powerful insects that guard it. Led by the courageous Princess Nausicaä, the people of the Valley engage in an epic struggle to restore the bond between humanity and Earth.','1984-03-11'),(30,'Miami Vice','Movie',NULL,'A case involving drug lords and murder in South Florida takes a personal turn for undercover detectives Sonny Crockett and Ricardo Tubbs. Unorthodox Crockett gets involved romantically with the Chinese-Cuban wife of a trafficker of arms and drugs, while Tubbs deals with an assault on those he loves.','2006-07-27'),(31,'Open Water','Movie',NULL,'Two divers are left out at sea without a boat. There’s nothing but water for miles, unless they look at what’s underneath them...','2004-08-06'),(32,'Raiders of the Lost Ark','Movie',NULL,'When Dr. Indiana Jones – the tweed-suited professor who just happens to be a celebrated archaeologist – is hired by the government to locate the legendary Ark of the Covenant, he finds himself up against the entire Nazi regime.','1981-06-12'),(33,'The Elementary Particles','Movie',NULL,'Based on Michel Houellebecq\'s controversial novel, Atomised (aka The Elementary Particles) focuses on Michael and Bruno, two very different half-brothers and their disturbed sexuality.  After a chaotic childhood with a hippie mother only caring for her affairs, Michael, a molecular biologist, is more interested in genes than women, while Bruno is obsessed with his sexual desires, but mostly finds his satisfaction with prostitutes.  But Bruno\'s life changes when he gets to know the experienced Christiane.  In the meantime, Michael meets Annabelle, the love of his youth, again.','2006-02-10'),(34,'Indiana Jones and the Temple of Doom','Movie',NULL,'After arriving in India, Indiana Jones is asked by a desperate village to find a mystical stone. He agrees – and stumbles upon a secret cult plotting a terrible plan in the catacombs of an ancient palace.','1984-05-23'),(35,'Dirty Dancing','Movie',NULL,'Expecting the usual tedium that accompanies a summer in the Catskills with her family, 17-year-old Frances \'Baby\' Houseman is surprised to find herself stepping into the shoes of a professional hoofer—and unexpectedly falling in love.','1987-08-21'),(36,'Indiana Jones and the Last Crusade','Movie',NULL,'When Dr. Henry Jones Sr. suddenly goes missing while pursuing the Holy Grail, eminent archaeologist Indiana must team up with Marcus Brody, Sallah and Elsa Schneider to follow in his father\'s footsteps and stop the Nazis from recovering the power of eternal life.','1989-05-24'),(37,'Beverly Hills Cop','Movie',NULL,'The heat is on in this fast paced action-comedy starring Eddie Murphy as Axel Foley, a street smart Detroit cop tracking down his best friend\'s killer in Beverly Hills. Axel quickly learns that his wild style doesn\'t fit in with the Beverly Hills Police Department, which assigns two officers (Judge Reinhold & John Ashton) to make sure things don\'t get out of hand. Dragging the stuffy detectives along for the ride, Axel smashes through a huge culture clash in his hilarious, high-speed pursuit of justice. Featuring cameos by Paul Reiser, Bronson Pinchot and Damon Wayans, Beverly Hills Cop is an exhilarating, sidesplitting adventure.','1984-11-30'),(38,'Land Without Bread','Movie',NULL,'An exploration —manipulated and staged— of life in Las Hurdes, in the province of Cáceres, in Extremadura, Spain, as it was in 1932. Insalubrity, misery and lack of opportunities provoke the emigration of young people and the solitude of those who remain in the desolation of one of the poorest and least developed Spanish regions at that time. (Silent short, voiced in 1937 and 1996.)','1933-12-01'),(39,'Megacities','Movie',NULL,'Megacities is a documentary about the slums of five different metropolitan cities.','1998-08-12'),(40,'Anatomy of a Murder','Movie',NULL,'Semi-retired Michigan lawyer Paul Biegler takes the case of Army Lt. Manion, who murdered a local innkeeper after his wife claimed that he raped her. Over the course of an extensive trial, Biegler parries with District Attorney Lodwick and out-of-town prosecutor Claude Dancer to set his client free, but his case rests on the victim\'s mysterious business partner, who\'s hiding a dark secret.','1959-07-01'),(41,'Kunstgriff','Movie',NULL,'Kunstgriff is a brilliantly filmed black and white short film. Andre F. Nebe gives proof of his storytelling abilities in this 6 minute film.','2002-01-01'),(42,'Armageddon','Movie',NULL,'When an asteroid threatens to collide with Earth, NASA honcho Dan Truman determines the only way to stop it is to drill into its surface and detonate a nuclear bomb. This leads him to renowned driller Harry Stamper, who agrees to helm the dangerous space mission provided he can bring along his own hotshot crew. Among them is the cocksure A.J. who Harry thinks isn\'t good enough for his daughter, until the mission proves otherwise.','1998-07-01'),(43,'Beverly Hills Cop II','Movie',NULL,'Axel heads for the land of sunshine and palm trees to find out who shot police Captain Andrew Bogomil. Thanks to a couple of old friends, Axel\'s investigation uncovers a series of robberies masterminded by a heartless weapons kingpin—and the chase is on.','1987-05-18'),(44,'Tron','Movie',NULL,'As Kevin Flynn searches for proof that he invented a hit video game, he is \'digitized\' by a laser and finds himself inside \'The Grid\', where programs suffer under the tyrannical rule of the Master Control Program (MCP). With the help of a security program called \'TRON\', Flynn seeks to free The Grid from the MCP.','1982-07-09'),(45,'Gladiator','Movie',NULL,'In the year 180, the death of emperor Marcus Aurelius throws the Roman Empire into chaos.  Maximus is one of the Roman army\'s most capable and trusted generals and a key advisor to the emperor.  As Marcus\' devious son Commodus ascends to the throne, Maximus is set to be executed.  He escapes, but is captured by slave traders.  Renamed Spaniard and forced to become a gladiator, Maximus must battle to the death with other men for the amusement of paying audiences.','2000-05-01'),(46,'All About My Mother','Movie',NULL,'A single mother in Madrid sees her only son die on his birthday as he runs to seek an actress\' autograph. Beside herself with grief, she returns to Barcelona to tell the boy\'s father about the death of the son he never knew he had.','1999-04-19'),(47,'Lock, Stock and Two Smoking Barrels','Movie',NULL,'A card shark and his unwillingly-enlisted friends need to make a lot of cash quick after losing a sketchy poker match. To do this they decide to pull a heist on a small-time gang who happen to be operating out of the flat next door.','1998-03-05'),(48,'Léon: The Professional','Movie',NULL,'Léon, the top hit man in New York, has earned a rep as an effective \"cleaner\". But when his next-door neighbors are wiped out by a loose-cannon DEA agent, he becomes the unwilling custodian of 12-year-old Mathilda. Before long, Mathilda\'s thoughts turn to revenge, and she considers following in Léon\'s footsteps.','1994-09-14'),(49,'Open Hearts','Movie',NULL,'Cecilie and Joachim are about to get married when a freak car accident leaves Joachim disabled, throwing their lives into a spin. The driver of the other car, Marie, and her family don’t get off lightly, either. Her husband Niels works in the hospital where he meets Cecilie and falls madly in love with her.','2002-09-06'),(50,'Taxi Driver','Movie',NULL,'A mentally unstable Vietnam War veteran works as a night-time taxi driver in New York City where the perceived decadence and sleaze feed his urge for violent action, attempting to save a preadolescent prostitute in the process.','1976-02-09'),(51,'Run Lola Run','Movie',NULL,'Lola receives a phone call from her boyfriend Manni. He lost 100,000 DM in a subway train that belongs to a very bad guy. She has 20 minutes to raise this amount and meet Manni. Otherwise, he will rob a store to get the money. Three different alternatives may happen depending on some minor event along Lola\'s run.','1998-03-03'),(52,'Back to the Future','Movie',NULL,'Eighties teenager Marty McFly is accidentally sent back in time to 1955, inadvertently disrupting his parents\' first meeting and attracting his mother\'s romantic interest. Marty must repair the damage to history by rekindling his parents\' romance and - with the help of his eccentric inventor friend Doc Brown - return to 1985.','1985-07-03'),(53,'Predator','Movie',NULL,'A team of commandos on a mission in a Central American jungle find themselves hunted by an extraterrestrial warrior.','1987-06-12'),(54,'Snatch','Movie',NULL,'Unscrupulous boxing promoters, violent bookmakers, a Russian gangster, incompetent amateur robbers and supposedly Jewish jewelers fight to track down a priceless stolen diamond.','2000-09-01'),(55,'Three Colors: Blue','Movie',NULL,'Julie is haunted by her grief after living through a tragic auto wreck that claimed the life of her composer husband and young daughter. Her initial reaction is to withdraw from her relationships, lock herself in her apartment and suppress her pain. But avoiding human interactions on the bustling streets of Paris proves impossible, and she eventually meets up with Olivier, an old friend who harbors a secret love for her, and who could draw her back to reality.','1993-09-08'),(56,'Three Colors: White','Movie',NULL,'Polish immigrant Karol Karol finds himself out of a marriage, a job and a country when his French wife, Dominique, divorces him after six months due to his impotence. Forced to leave France after losing the business they jointly owned, Karol enlists fellow Polish expatriate Mikolah to smuggle him back to their homeland.','1994-01-26'),(57,'Three Colors: Red','Movie',NULL,'Valentine, a student model in Geneva, struggles with a possessive boyfriend and a troubled family. When she runs over a dog, she discovers that its owner, a retired judge, is illegally wiretapping and eavesdropping on his neighbors\' phone calls. Although Valentine is outraged, she develops a strange bond with the judge – and as the two become closer, she finds herself caught in the middle of events that could change her life.','1994-05-27'),(58,'Scarface','Movie',NULL,'After getting a green card in exchange for assassinating a Cuban government official, Tony Montana stakes a claim on the drug trade in Miami. Viciously murdering anyone who stands in his way, Tony eventually becomes the biggest drug lord in the state, controlling nearly all the cocaine that comes through Miami. But increased pressure from the police, wars with Colombian drug cartels and his own drug-fueled paranoia serve to fuel the flames of his eventual downfall.','1983-12-09'),(59,'Italian for Beginners','Movie',NULL,'A group of strangers find friendship, family and love within an Italian beginners’ course.','2000-12-07'),(60,'Spring, Summer, Fall, Winter... and Spring','Movie',NULL,'An isolated lake, where an old monk lives in a small floating temple. The monk has a young boy living with him, learning to become a monk. We watch as seasons and years pass by.','2003-09-19'),(61,'Pretty Woman','Movie',NULL,'When a millionaire wheeler-dealer enters a business contract with a Hollywood hooker Vivian Ward, he loses his heart in the bargain.','1990-03-23'),(62,'The Big Lebowski','Movie',NULL,'Jeffrey \'The Dude\' Lebowski, a Los Angeles slacker who only wants to bowl and drink White Russians, is mistaken for another Jeffrey Lebowski, a wheelchair-bound millionaire, and finds himself dragged into a strange series of events involving nihilists, adult film producers, ferrets, errant toes, and large sums of money.','1998-03-06'),(63,'Match Point','Movie',NULL,'Match Point is Woody Allen’s satire of the British High Society and the ambition of a young tennis instructor to enter into it. Yet when he must decide between two women - one assuring him his place in high society, and the other that would take him far from it - palms start to sweat and a dark psychological match in his head begins.','2005-10-26'),(64,'The Untouchables','Movie',NULL,'Young Treasury Agent Elliot Ness arrives in Chicago and is determined to take down Al Capone, but it\'s not going to be easy because Capone has the police in his pocket. Ness meets Jimmy Malone, a veteran patrolman and probably the most honorable one on the force. He asks Malone to help him get Capone, but Malone warns him that if he goes after Capone, he is going to war.','1987-06-03'),(65,'Charlie and the Chocolate Factory','Movie',NULL,'A young boy wins a tour through the most magnificent chocolate factory in the world, led by the world\'s most unusual candy maker.','2005-07-13'),(66,'The Lord of the Rings: The Fellowship of the Ring','Movie',NULL,'Young hobbit Frodo Baggins, after inheriting a mysterious ring from his uncle Bilbo, must leave his home in order to keep it from falling into the hands of its evil creator. Along the way, a fellowship is formed to protect the ringbearer and make sure that the ring arrives at its final destination: Mt. Doom, the only place where it can be destroyed.','2001-12-18'),(67,'The Lord of the Rings: The Two Towers','Movie',NULL,'Frodo and Sam are trekking to Mordor to destroy the One Ring of Power while Gimli, Legolas and Aragorn search for the orc-captured Merry and Pippin. All along, nefarious wizard Saruman awaits the Fellowship members at the Orthanc Tower in Isengard.','2002-12-18'),(68,'The Lord of the Rings: The Return of the King','Movie',NULL,'Aragorn is revealed as the heir to the ancient kings as he, Gandalf and the other members of the broken fellowship struggle to save Gondor from Sauron\'s forces. Meanwhile, Frodo and Sam take the ring closer to the heart of Mordor, the dark lord\'s realm.','2003-12-01'),(69,'The Lord of the Rings','Movie',NULL,'The Fellowship of the Ring embark on a journey to destroy the One Ring and end Sauron\'s reign over Middle-earth.','1978-11-15'),(70,'No End','Movie',NULL,'1982, Poland. A translator loses her husband and becomes a victim of her own sorrow. She looks to sex, to her son, to law, and to hypnotism when she has nothing else in this time of martial law when Solidarity was banned.','1985-06-17'),(71,'Railway Station','Movie',NULL,'Kieslowski’s later film Dworzec (Station, 1980) portrays the atmosphere at Central Station in Warsaw after the rush hour.','1980-01-01'),(72,'Short Working Day','Movie',NULL,'Kieślowski’s study of a political strike, controversially told from the viewpoint of a Communist functionary trying to keep order.','1981-06-27'),(73,'Blind Chance','Movie',NULL,'Witek runs after a train. Three variations follow on how such a seemingly banal incident could influence the rest of Witek\'s life.','1987-01-10'),(74,'Princess Mononoke','Movie',NULL,'Ashitaka, a prince of the disappearing Emishi people, is cursed by a demonized boar god and must journey to the west to find a cure. Along the way, he encounters San, a young human woman fighting to protect the forest, and Lady Eboshi, who is trying to destroy it. Ashitaka must find a way to bring balance to this conflict.','1997-07-12'),(75,'Spirited Away','Movie',NULL,'A young girl, Chihiro, becomes trapped in a strange new world of spirits. When her parents undergo a mysterious transformation, she must call upon the courage she never knew she had to free her family.','2001-07-20'),(76,'Gimme Shelter','Movie',NULL,'The landmark documentary about the tragically ill-fated Rolling Stones free concert at Altamont Speedway on December 6, 1969. Only four months earlier, Woodstock defined the Love Generation; now it lay in ruins on a desolate racetrack six miles outside of San Francisco.','1970-12-06'),(77,'Primary','Movie',NULL,'Primary is a documentary film about the primary elections between John F. Kennedy and Hubert Humphrey in 1960. Primary is the first documentary to use light equipment in order to follow their subjects in a more intimate filmmaking style. This unconventional way of filming created a new look for documentary films where the camera’s lens was right in the middle of what ever drama was occuring.','1960-01-01'),(78,'O Brother, Where Art Thou?','Movie',NULL,'In the deep south during the 1930s, three escaped convicts search for hidden treasure while a relentless lawman pursues them. On their journey they come across many comical characters and incredible situations. Based upon Homer\'s \'Odyssey\'.','2000-08-30'),(79,'Dont Look Back','Movie',NULL,'In this wildly entertaining vision of one of the twentieth century’s greatest artists, Bob Dylan is surrounded by teen fans, gets into heated philosophical jousts with journalists, and kicks back with fellow musicians Joan Baez, Donovan, and Alan Price.','1967-05-17'),(80,'Freaks','Movie',NULL,'A circus\' beautiful trapeze artist agrees to marry the leader of side-show performers, but his deformed friends discover she is only marrying him for his inheritance.','1932-02-12'),(81,'Groundhog Day','Movie',NULL,'A narcissistic TV weatherman, along with his attractive-but-distant producer, and his mawkish cameraman, is sent to report on Groundhog Day in the small town of Punxsutawney, where he finds himself repeating the same day over and over.','1993-02-11'),(82,'Dracula','Movie',NULL,'British estate agent Renfield travels to Transylvania to meet with the mysterious Count Dracula, who is interested in leasing a castle in London and is, unbeknownst to Renfield, a vampire. After Dracula enslaves Renfield and drives him to insanity, the pair sail to London together, and as Dracula begins preying on London socialites, the two become the subject of study for a supernaturalist professor, Abraham Van Helsing.','1931-02-12'),(83,'Mifune','Movie',NULL,'Kresten, newly wed, is on the threshold of a great career success in his father-in-law´s company. But when the death of his own father takes him back to his poverty-stricken childhood home, far out in the country, his career plans fall apart. For one thing he has to deal with his loveable, backward brother, who is now all alone; for another, he meets a stunning woman who comes to the farm as a housekeeper, in disguise of her real profession as a call-girl.','1999-03-12'),(84,'Bad Education','Movie',NULL,'Two children, Ignacio and Enrique, know love, the movies and fear in a religious school at the beginning of the 1960s. Father Manolo, director of the school and its professor of literature, is witness to and part of these discoveries. The three are followed through the next few decades, their reunion marking life and death.','2004-03-19'),(85,'Donnie Darko','Movie',NULL,'After narrowly escaping a bizarre accident, a troubled teenager is plagued by visions of a large bunny rabbit that manipulates him to commit a series of crimes.','2001-10-26'),(86,'Brokeback Mountain','Movie',NULL,'Two modern-day cowboys meet on a shepherding job in the summer of \'63, the two share a raw and powerful summer together that turns into a lifelong relationship conflict','2005-09-10'),(87,'All Quiet on the Western Front','Movie',NULL,'A young soldier faces profound disillusionment in the soul-destroying horror of World War I. Together with several other young German soldiers, he experiences the horrors of war, such evil of which he had not conceived of when signing up to fight. They eventually become sad, tormented, and confused of their purpose.','1930-04-29'),(88,'Wings of Desire','Movie',NULL,'Two angels, Damiel and Cassiel, glide through the streets of Berlin, observing the bustling population, providing invisible rays of hope to the distressed but never interacting with them. When Damiel falls in love with lonely trapeze artist Marion, the angel longs to experience life in the physical world, and finds -- with some words of wisdom from actor Peter Falk -- that it might be possible for him to take human form.','1987-05-17'),(89,'Breaking the Waves','Movie',NULL,'In a small and conservative Scottish village, a woman\'s paralytic husband convinces her to have extramarital intercourse so she can tell him about it and give him a reason for living.','1996-05-13'),(90,'Crouching Tiger, Hidden Dragon','Movie',NULL,'Two warriors in pursuit of a stolen sword and a notorious fugitive are led to an impetuous, physically-skilled, teenage nobleman\'s daughter, who is at a crossroads in her life.','2000-07-06'),(91,'The 400 Blows','Movie',NULL,'For young Parisian boy Antoine Doinel, life is one difficult situation after another. Surrounded by inconsiderate adults, including his neglectful parents, Antoine spends his days with his best friend, Rene, trying to plan for a better life. When one of their schemes goes awry, Antoine ends up in trouble with the law, leading to even more conflicts with unsympathetic authority figures.','1959-06-03'),(92,'The Secret Life of Words','Movie',NULL,'A touching story of a deaf girl who is sent to an oil rig to take care of a man who has been blinded in a terrible accident. The girl has a special ability to communicate with the men on board and especially with her patient as they share intimate moments together that will change their lives forever.','2005-12-15'),(93,'Akira','Movie',NULL,'A secret military project endangers Neo-Tokyo when it turns a biker gang member into a rampaging psychic psychopath that only two teenagers and a group of psychics can stop.','1988-07-16'),(94,'48 Hrs.','Movie',NULL,'A hard-nosed cop reluctantly teams up with a wise-cracking criminal temporarily paroled to him, in order to track down a killer.','1982-12-07'),(95,'Star Trek: The Motion Picture','Movie',NULL,'When a destructive space entity is spotted approaching Earth, Admiral Kirk resumes command of the Starship Enterprise in order to intercept, examine, and hopefully stop it.','1979-12-07'),(96,'Lost in Translation','Movie',NULL,'Two lost souls visiting Tokyo -- the young, neglected wife of a photographer and a washed-up movie star shooting a TV commercial -- find an odd solace and pensive freedom to be real in each other\'s company, away from their lives in America.','2003-09-18'),(97,'Star Trek II: The Wrath of Khan','Movie',NULL,'It is the 23rd century. The Federation Starship U.S.S. Enterprise is on routine training maneuvers and Admiral James T. Kirk seems resigned to the fact that this inspection may well be the last space mission of his career. But Khan is back. Aided by his exiled band of genetic supermen, Khan - brilliant renegade of 20th century Earth - has raided Space Station Regula One, stolen a top secret device called Project Genesis, wrested control of another Federation Starship and sets out in pursuit of the Enterprise, determined to let nothing stand in the way of his mission: kill Admiral Kirk... even if it means universal Armageddon.','1982-06-04'),(98,'The Dark Knight','Movie',NULL,'Batman raises the stakes in his war on crime. With the help of Lt. Jim Gordon and District Attorney Harvey Dent, Batman sets out to dismantle the remaining criminal organizations that plague the streets. The partnership proves to be effective, but they soon find themselves prey to a reign of chaos unleashed by a rising criminal mastermind known to the terrified citizens of Gotham as the Joker.','2008-07-16'),(99,'Wilbur Wants to Kill Himself','Movie',NULL,'The strange comedy film of two close brothers; one, Wilbur, who wants to kill himself, and the other, Harbour, who tries to prevent this. When their father dies leaving them his bookstore they meet a woman who makes their lives a bit better yet with a bit more trouble as well.','2002-11-08'),(100,'Star Trek III: The Search for Spock','Movie',NULL,'Admiral Kirk and his bridge crew risk their careers stealing the decommissioned Enterprise to return to the restricted Genesis planet to recover Spock\'s body.','1984-06-01'),(101,'Maybe... Maybe Not','Movie',NULL,'Der Bewegte Mann is a German comedy about a heterosexual man, Axel, who is thrown out of his girlfriends home for cheating and ends up moving in with a gay man. Axel learns the advantages of living with gay men even though they are attracted to him and when his girlfriend wants him back he must make a tough decision.','1994-10-05'),(102,'The Arrival of a Train at La Ciotat','Movie',NULL,'A group of people are standing along the platform of a railway station in La Ciotat, waiting for a train. One is seen coming, at some distance, and eventually stops at the platform. Doors of the railway-cars open and attendants help passengers off and on.  Popular legend has it that, when this film was shown, the first-night audience fled the café in terror, fearing being run over by the \"approaching\" train. This legend has since been identified as promotional embellishment, though there is evidence to suggest that people were astounded at the capabilities of the Lumières\' cinématographe.','1896-01-25'),(103,'Edward Scissorhands','Movie',NULL,'A small suburban town receives a visit from a castaway unfinished science experiment named Edward.','1990-12-05'),(104,'Back to the Future Part II','Movie',NULL,'Marty and Doc are at it again in this wacky sequel to the 1985 blockbuster as the time-traveling duo head to 2015 to nip some McFly family woes in the bud. But things go awry thanks to bully Biff Tannen and a pesky sports almanac. In a last-ditch attempt to set things straight, Marty finds himself bound for 1955 and face to face with his teenage parents -- again.','1989-11-22'),(105,'The Party','Movie',NULL,'A thirteen-year-old French girl deals with moving to a new city and school in Paris, while at the same time her parents are getting a divorce.','1980-12-17'),(106,'K-PAX','Movie',NULL,'Prot is a patient at a mental hospital who claims to be from a far away planet. His psychiatrist tries to help him, only to begin to doubt his own explanations.','2001-10-22'),(107,'Star Trek IV: The Voyage Home','Movie',NULL,'It\'s the 23rd century, and a mysterious alien power is threatening Earth by evaporating the oceans and destroying the atmosphere. In a frantic attempt to save mankind, Kirk and his crew must time travel back to 1986 San Francisco where they find a world of punk, pizza and exact-change buses that are as alien as anything they\'ve ever encountered in the far reaches of the galaxy. A thrilling, action-packed Star Trek adventure!','1986-11-26'),(108,'Predator 2','Movie',NULL,'A police chief in the war-torn streets of Los Angeles discovers that an extraterrestrial creature is hunting down residents - and that he is the next target.','1990-11-20'),(109,'28 Days Later','Movie',NULL,'Twenty-eight days after a killer virus was accidentally unleashed from a British research facility, a small group of London survivors are caught in a desperate struggle to protect themselves from the infected. Carried by animals and humans, the virus turns those it infects into homicidal maniacs -- and it\'s absolutely impossible to contain.','2002-10-31'),(110,'The Party 2','Movie',NULL,'A young French teenage girl after moving to a new city falls in love with a boy and is thinking of having sex with him because her girlfriends have already done it.','1982-12-08'),(111,'Star Trek V: The Final Frontier','Movie',NULL,'The crew of the Federation starship Enterprise is called to Nimbus III, the Planet of Intergalactic Peace. They are to negotiate in a case of kidnapping only to find out that the kidnapper is a relative of Spock. This man is possessed by his life long search for the planet Shaka-Ri which is supposed to be the source of all life. Together they begin to search for this mysterious planet.','1989-06-09'),(112,'20,000 Leagues Under the Sea','Movie',NULL,'A ship sent to investigate a wave of mysterious sinkings encounters the advanced submarine, the Nautilus, commanded by Captain Nemo.','1954-12-23'),(113,'Star Trek VI: The Undiscovered Country','Movie',NULL,'After years of war, the Federation and the Klingon empire find themselves on the brink of a peace summit when a Klingon ship is nearly destroyed by an apparent attack from the Enterprise. Both worlds brace for what may be their dealiest encounter.','1991-12-06'),(114,'The Big Blue','Movie',NULL,'Two men answer the call of the ocean in this romantic fantasy-adventure.  Jacques and Enzo are a pair of friends who have been close since childhood, and who share a passion for the dangerous sport of free diving. Professional diver Jacques opted to follow in the footsteps of his father, who died at sea when Jacques was a boy; to the bewilderment of scientists, Jacques harbors a remarkable ability to adjust his heart rate and breathing pattern in the water, so that his vital signs more closely resemble that of dolphins than men.  As Enzo persuades a reluctant Jacques to compete against him in a free diving contest -- determining who can dive deeper and longer without scuba gear -- Jacques meets Johana, a beautiful insurance investigator from America, and he finds that he must choose between his love for her and his love of the sea.','1988-05-10'),(115,'Saw','Movie',NULL,'Obsessed with teaching his victims the value of life, a deranged, sadistic serial killer abducts the morally wayward. Once captured, they must face impossible choices in a horrific game of survival. The victims must fight to win their lives back, or die trying...','2004-10-01'),(116,'The Fisher King','Movie',NULL,'Two troubled men face their terrible destinies and events of their past as they join together on a mission to find the Holy Grail and thus to save themselves.','1991-09-20'),(117,'Blown Away','Movie',NULL,'Blown Away tells the story of Jimmy Dove who works for the Boston bomb squad. Shortly after Dove leaves the force his partner is killed by a bomb that Dove thinks might have been made by someone he knows.','1994-07-01'),(118,'The Interpreter','Movie',NULL,'After Silvia Broome, an interpreter at United Nations headquarters, overhears plans of an assassination, an American Secret Service agent is sent to investigate.','2005-04-08'),(119,'Minority Report','Movie',NULL,'John Anderton is a top \'Precrime\' cop in the late-21st century, when technology can predict crimes before they\'re committed. But Anderton becomes the quarry when another investigator targets him for a murder charge.','2002-06-20'),(120,'The Good German','Movie',NULL,'An American journalist arrives in Berlin just after the end of World War Two. He becomes involved in a murder mystery surrounding a dead GI who washes up at a lakeside mansion during the Potsdam negotiations between the Allied powers. Soon his investigation connects with his search for his married pre-war German lover.','2006-12-08'),(121,'The Wizard','Movie',NULL,'Corey refuses to let his emotionally disturbed younger brother Jimmy be institutionalized, and the two run away together. They soon join forces with a resourceful girl, who notices that Jimmy has a special talent: he is a \"wizard\" at video games and can achieve the high score on absolutely everything he plays. Evading their parents and a sinister bounty hunter, the trio head for a climactic showdown at the national video game championships in California.','1989-12-15'),(122,'Jackie Brown','Movie',NULL,'Jackie Brown is a flight attendant who gets caught in the middle of smuggling cash into the country for her gunrunner boss. When the cops try to use Jackie to get to her boss, she hatches a plan — with help from a bail bondsman — to keep the money for herself.','1997-04-10'),(123,'A Clockwork Orange','Movie',NULL,'In a near-future Britain, young Alexander DeLarge and his pals get their kicks beating and raping anyone they please. When not destroying the lives of others, Alex swoons to the music of Beethoven. The state, eager to crack down on juvenile crime, gives an incarcerated Alex the option to undergo an invasive procedure that\'ll rob him of all personal agency. In a time when conscience is a commodity, can Alex change his tune?','1971-12-19'),(124,'Lucky Number Slevin','Movie',NULL,'Slevin is mistakenly put in the middle of a personal war between the city’s biggest criminal bosses. Under constant watch, Slevin must try not to get killed by an infamous assassin and come up with an idea of how to get out of his current dilemma. A film with many twists and turns.','2006-02-24'),(125,'Sin City','Movie',NULL,'Welcome to Sin City. This town beckons to the tough, the corrupt, the brokenhearted. Some call it dark… Hard-boiled. Then there are those who call it home — Crooked cops, sexy dames, desperate vigilantes. Some are seeking revenge, others lust after redemption, and then there are those hoping for a little of both. A universe of unlikely and reluctant heroes still trying to do the right thing in a city that refuses to care.','2005-04-01'),(126,'Sin City: A Dame to Kill For','Movie',NULL,'Some of Sin City\'s most hard-boiled citizens cross paths with a few of its more reviled inhabitants.','2014-08-20'),(127,'Das Dorf der Freundschaft','Movie',NULL,'A German Documentary about the “village of friendship” that was created by American Veteran George Mizo to help the Vietnamese kids suffering from the Vietnam War.','2001-08-25'),(128,'The State I Am In','Movie',NULL,'With 1970s Germany in the background, this film depicts the story of a family from the “R.A.F. Terrorist” group and their search for a normal life and their inner self.','2001-02-01'),(129,'The Name of the Rose','Movie',NULL,'14th-century Franciscan monk William of Baskerville and his young novice arrive at a conference to find that several monks have been murdered under mysterious circumstances. To solve the crimes, William must rise up against the Church\'s authority and fight the shadowy conspiracy of monastery monks using only his intelligence – which is considerable.','1986-09-24'),(130,'Star Trek: Generations','Movie',NULL,'Captain Jean-Luc Picard and the crew of the Enterprise-D find themselves at odds with the renegade scientist Soran who is destroying entire star systems. Only one man can help Picard stop Soran\'s scheme...and he\'s been dead for seventy-eight years.','1994-11-18'),(131,'Amélie','Movie',NULL,'At a tiny Parisian café, the adorable yet painfully shy Amélie accidentally discovers a gift for helping others. Soon Amelie is spending her days as a matchmaker, guardian angel, and all-around do-gooder. But when she bumps into a handsome stranger, will she find the courage to become the star of her very own love story?','2001-04-25'),(132,'Trouble in Paradise','Movie',NULL,'Thief Gaston Monescu and pickpocket Lily are partners in crime and love. Working for perfume company executive Mariette Colet, the two crooks decide to combine their criminal talents to rob their employer. Under the alias of Monsieur Laval, Gaston uses his position as Mariette\'s personal secretary to become closer to her. However, he takes things too far when he actually falls in love with Mariette, and has to choose between her and Lily.','1932-10-30'),(133,'Back to the Future Part III','Movie',NULL,'The final installment of the Back to the Future trilogy finds Marty digging the trusty DeLorean out of a mineshaft and looking for Doc in the Wild West of 1885. But when their time machine breaks down, the travelers are stranded in a land of spurs. More problems arise when Doc falls for pretty schoolteacher Clara Clayton, and Marty tangles with Buford Tannen.','1990-05-25'),(134,'Braveheart','Movie',NULL,'Enraged at the slaughter of Murron, his new bride and childhood love, Scottish warrior William Wallace slays a platoon of the local English lord\'s soldiers. This leads the village to revolt and, eventually, the entire country to rise up against English rule.','1995-05-24'),(135,'To Be or Not to Be','Movie',NULL,'During the Nazi occupation of Poland, an acting troupe becomes embroiled in a Polish soldier\'s efforts to track down a German spy.','1942-03-05'),(136,'Star Trek: First Contact','Movie',NULL,'The Borg, a relentless race of cyborgs, are on a direct course for Earth. Violating orders to stay away from the battle, Captain Picard and the crew of the newly-commissioned USS Enterprise E pursue the Borg back in time to prevent the invaders from changing Federation history and assimilating the galaxy.','1996-11-22'),(137,'Star Trek: Insurrection','Movie',NULL,'When an alien race and factions within Starfleet attempt to take over a planet that has \"regenerative\" properties, it falls upon Captain Picard and the crew of the Enterprise to defend the planet\'s people as well as the very ideals upon which the Federation itself was founded.','1998-12-11'),(138,'Star Trek: Nemesis','Movie',NULL,'En route to the honeymoon of William Riker to Deanna Troi on her home planet of Betazed, Captain Jean-Luc Picard and the crew of the U.S.S. Enterprise receives word from Starfleet that a coup has resulted in the installation of a new Romulan political leader, Shinzon, who claims to seek peace with the human-backed United Federation of Planets. Once in enemy territory, the captain and his crew make a startling discovery: Shinzon is human, a slave from the Romulan sister planet of Remus, and has a secret, shocking relationship to Picard himself.','2002-12-13'),(139,'Mean Streets','Movie',NULL,'A small-time hood must choose from among love, friendship and the chance to rise within the mob.','1973-10-14'),(140,'The Wages of Fear','Movie',NULL,'In the South American jungle, supplies of nitroglycerine are needed at a remote oil field. The oil company pays four men to deliver the supplies in two trucks. A tense rivalry develops between the two sets of drivers on the rough remote roads where the slightest jolt can result in death.','1953-04-22'),(141,'Hotel Rwanda','Movie',NULL,'Inspired by true events, this film takes place in Rwanda in the 1990s when more than a million Tutsis were killed in a genocide that went mostly unnoticed by the rest of the world. Hotel owner Paul Rusesabagina houses over a thousand refuges in his hotel in attempt to save their lives.','2004-03-04'),(142,'Paradise Found','Movie',NULL,'Paradise Found is a biography about the painter Paul Gauguin. Focusing on his personal conflict between citizen life and his family life and the art scene in Frane. In an incredible imagery montage Gauguin manages to make a successful living in the South Pacific, while being in opposition to France.','2003-01-01'),(143,'Dead Poets Society','Movie',NULL,'At an elite, old-fashioned boarding school in New England, a passionate English teacher inspires his students to rebel against convention and seize the potential of every day, courting the disdain of the stern headmaster.','1989-06-02'),(144,'Berlin is in Germany','Movie',NULL,'When Martin, a former GDR citizen, is released from jail, he lately becomes confronted with the consequences of the German re-unification.','2001-11-01'),(145,'Arsenic and Old Lace','Movie',NULL,'Mortimer Brewster, a newspaper drama critic, playwright and author known for his diatribes against marriage, suddenly falls in love and gets married;  but when he makes a quick trip home to tell his two maiden aunts, he finds out his aunts\' hobby - killing lonely old men and burying them in the cellar!','1944-09-01'),(146,'North by Northwest','Movie',NULL,'Advertising man Roger Thornhill is mistaken for a spy, triggering a deadly cross-country chase.','1959-07-08'),(147,'Saw III','Movie',NULL,'Jigsaw has disappeared. Along with his new apprentice Amanda, the puppet-master behind the cruel, intricate games that have terrified a community and baffled police has once again eluded capture and vanished. While city detective scramble to locate him, Doctor Lynn Denlon and Jeff Reinhart are unaware that they are about to become the latest pawns on his vicious chessboard.','2006-10-27'),(148,'Saw II','Movie',NULL,'When a new murder victim is discovered with all the signs of Jigsaw\'s hand, Detective Eric Matthews begins a full investigation and apprehends Jigsaw with little effort. But for Jigsaw, getting caught is just another part of his plan. Eight more of his victims are already fighting for their lives and now it\'s time for Matthews to join the game.','2005-10-28'),(149,'Ali: Fear Eats the Soul','Movie',NULL,'Emmi Kurowski, a cleaning lady, is lonely in her old age. Her husband died years ago, and her grown children offer little companionship. One night she goes to a bar frequented by Arab immigrants and strikes up a friendship with middle-aged mechanic Ali. Their relationship soon develops into something more, and Emmi\'s family and neighbors criticize their spontaneous marriage. Soon Emmi and Ali are forced to confront their own insecurities about their future.','1974-06-05'),(150,'Indiana Jones and the Kingdom of the Crystal Skull','Movie',NULL,'Set during the Cold War, the Soviets—led by sword-wielding Irina Spalko—are in search of a crystal skull which has supernatural powers related to a mystical Lost City of Gold. Indy is coerced to head to Peru at the behest of a young man whose friend—and Indy\'s colleague—Professor Oxley has been captured for his knowledge of the skull\'s whereabouts.','2008-05-21'),(151,'The Terminator','Movie',NULL,'In the post-apocalyptic future, reigning tyrannical supercomputers teleport a cyborg assassin known as the \"Terminator\" back to 1984 to kill Sarah Connor, whose unborn son is destined to lead insurgents against 21st century mechanical hegemony. Meanwhile, the human-resistance movement dispatches a lone warrior to safeguard Sarah. Can he stop the virtually indestructible killing machine?','1984-10-26'),(152,'Volver','Movie',NULL,'Raimunda lives and works in Madrid with her husband Paco and their daughter Paula. Raimunda\'s sister Sole lives nearby. The two sisters miss their mother Irene who died several years ago in a house fire along with their father. When a former neighbor from their hometown reports that she has seen the ghost of Irene, the daughters do not believe her. After a murder and a family tragedy, however, Irene\'s spirit materializes around her daughters to comfort them.','2006-03-16'),(153,'East of Eden','Movie',NULL,'In the Salinas Valley in and around World War I, Cal Trask feels he must compete against overwhelming odds with his brother for the love of their father. Cal is frustrated at every turn, from his reaction to the war, how to get ahead in business and in life, and how to relate to his estranged mother.','1955-04-10'),(154,'Rebel Without a Cause','Movie',NULL,'After moving to a new town, troublemaking teen Jim Stark is supposed to have a clean slate, although being the new kid in town brings its own problems. While searching for some stability, Stark forms a bond with a disturbed classmate, Plato, and falls for local girl Judy. However, Judy is the girlfriend of neighborhood tough, Buzz. When Buzz violently confronts Jim and challenges him to a drag race, the new kid\'s real troubles begin.','1955-10-29'),(155,'Berlin: Symphony of a Great City','Movie',NULL,'A train speeds through the country on its way to Berlin, then gradually slows down as it pulls into the station. It is very early in the morning, about 5:00 AM, and the great city is mostly quiet. But before long there are some signs of activity, and a few early risers are to be seen on the streets. Soon the new day is well underway. It\'s just a typical day in Berlin, but a day full of life and energy.','1927-09-23'),(156,'Rebecca','Movie',NULL,'Story of a young woman who marries a fascinating widower only to find out that she must live in the shadow of his former wife, Rebecca, who died mysteriously several years earlier. The young wife must come to grips with the terrible secret of her handsome, cold husband, Max De Winter. She must also deal with the jealous, obsessed Mrs. Danvers, the housekeeper, who will not accept her as the mistress of the house.','1940-03-23'),(157,'Man of Marble','Movie',NULL,'Man of Marble is a Polish film about a student making a film about a bricklayer who was once idolized. She interviews people who knew him and finds old footage that lead to an unfolding mystery that causes her producer to cancel the project.','1977-02-25'),(158,'Man of Iron','Movie',NULL,'In Warsaw in 1980, the Communist Party sends Winkel, a weak, alcoholic TV hack, to Gdansk to dig up dirt on the shipyard strikers, particularly on Maciek Tomczyk, an articulate worker whose father was killed in the December 1970 protests. Posing as sympathetic, Winkel interviews the people surrounding Tomczyk, including his detained wife, Agnieszka.','1981-07-27'),(159,'The Outsiders','Movie',NULL,'When two poor Greasers, Johnny, and Ponyboy are assaulted by a vicious gang, the Socs, and Johnny kills one of the attackers, tension begins to mount between the two rival gangs, setting off a turbulent chain of events.','1983-03-25'),(160,'The Blue Angel','Movie',NULL,'Prim professor Immanuel Rath finds some of his students ogling racy photos of cabaret performer Lola Lola and visits a local club, The Blue Angel, in an attempt to catch them there. Seeing Lola perform, the teacher is filled with lust, eventually resigning his position at the school to marry the young woman. However, his marriage to a coquette -- whose job is to entice men -- proves to be more difficult than Rath imagined.','1930-04-01'),(161,'The Bride of Frankenstein','Movie',NULL,'Bride of Frankenstein begins where James Whale\'s Frankenstein from 1931 ended. Dr. Frankenstein has not been killed as previously portrayed and now he wants to get away from the mad experiments. Yet when his wife is kidnapped by his creation, Frankenstein agrees to help him create a new monster, this time a woman.','1935-04-20'),(162,'Syriana','Movie',NULL,'The Middle Eastern oil industry is the backdrop of this tense drama, which weaves together numerous story lines. Bennett Holiday is an American lawyer in charge of facilitating a dubious merger of oil companies, while Bryan Woodman, a Switzerland-based energy analyst, experiences both personal tragedy and opportunity during a visit with Arabian royalty. Meanwhile, veteran CIA agent Bob Barnes uncovers an assassination plot with unsettling origins.','2005-11-23'),(163,'Rumble Fish','Movie',NULL,'Rusty James, an absent-minded street thug, struggles to live up to his legendary older brother\'s reputation, and longs for the days when gang warfare was going on.','1983-10-20'),(164,'The Wanderers','Movie',NULL,'The streets of the Bronx are owned by \'60s youth gangs where the joy and pain of adolescence is lived. Philip Kaufman tells his take on the novel by Richard Price about the history of the Italian-American gang ‘The Wanderers.’','1979-07-13'),(165,'The Cabinet of Dr. Caligari','Movie',NULL,'Francis, a young man, recalls in his memory the horrible experiences he and his fiancée Jane recently went through. Francis and his friend Alan visit The Cabinet of Dr. Caligari, an exhibit where the mysterious doctor shows the somnambulist Cesare, and awakens him for some moments from his death-like sleep.','1920-02-27'),(166,'Stand by Me','Movie',NULL,'Gordie, Chris, Teddy and Vern are four friends who decide to hike to find the corpse of Ray Brower, a local teenager, who was hit by a train while plucking blueberries in the wild.','1986-08-08'),(167,'Young Adam','Movie',NULL,'A young drifter working on a river barge disrupts his employers\' lives while hiding the fact that he knows more about a dead woman found in the river than he admits.','2003-09-26'),(168,'The Godfather','Movie',NULL,'Spanning the years 1945 to 1955, a chronicle of the fictional Italian-American Corleone crime family. When organized crime family patriarch, Vito Corleone barely survives an attempt on his life, his youngest son, Michael steps in to take care of the would-be killers, launching a campaign of bloody revenge.','1972-03-14'),(169,'Some Like It Hot','Movie',NULL,'Two musicians witness a mob hit and struggle to find a way out of the city before they are found by the gangsters. Their only opportunity is to join an all-girl band as they leave on a tour. To make their getaway they must first disguise themselves as women, then keep their identities secret and deal with the problems this brings - such as an attractive bandmate and a very determined suitor.','1959-03-19'),(170,'The Godfather: Part II','Movie',NULL,'In the continuing saga of the Corleone crime family, a young Vito Corleone grows up in Sicily and in 1910s New York. In the 1950s, Michael Corleone attempts to expand the family business into Las Vegas, Hollywood and Cuba.','1974-12-20'),(171,'Natural Born Killers','Movie',NULL,'Two victims of traumatized childhoods become lovers and psychopathic serial murderers irresponsibly glorified by the mass media.','1994-08-25'),(172,'The Godfather: Part III','Movie',NULL,'In the midst of trying to legitimize his business dealings in 1979 New York and Italy, aging mafia don, Michael Corleone seeks forgiveness for his sins while taking a young protege under his wing.','1990-12-25'),(173,'High Fidelity','Movie',NULL,'When record store owner Rob Gordon gets dumped by his girlfriend, Laura, because he hasn\'t changed since they met, he revisits his top five breakups of all time in an attempt to figure out what went wrong. As Rob seeks out his former lovers to find out why they left, he keeps up his efforts to win Laura back.','2000-03-17'),(174,'King Kong','Movie',NULL,'Adventurous filmmaker, Carl Denham, sets out to produce a motion picture unlike anything the world has seen before. Alongside his leading lady Ann Darrow and his first mate Jack Driscoll, they arrive on an island and discover a legendary creature said to be neither beast nor man. Denham captures the monster to displayed on Broadway as Kong, the eighth wonder of the world.','1933-03-15'),(175,'About a Boy','Movie',NULL,'Will Freeman is a good-looking, smooth-talking bachelor whose primary goal in life is avoiding any kind of responsibility. But when he invents an imaginary son in order to meet attractive single moms, Will gets a hilarious lesson about life from a bright, but hopelessly geeky 12-year-old named Marcus. Now, as Will struggles to teach Marcus the art of being cool, Marcus teaches Will that you\'re never too old to grow up.','2002-04-26'),(176,'Zatoichi','Movie',NULL,'Zatoichi is a 19th century blind nomad who makes his living as a gambler and masseur. However, behind this humble facade, he is a master swordsman gifted with a lightning-fast draw and breathtaking precision. While wandering, Zatoichi discovers a remote mountain village at the mercy of Ginzo, a ruthless gang-leader. Ginzo disposes of anyone who gets in his way, especially after hiring the mighty samurai ronin, Hattori, as a bodyguard. After a raucous night of gambling in town, Zatoichi encounters a pair of geishas--as dangerous as they are beautiful--who\'ve come to avenge their parents\' murder. As the paths of these and other colorful characters intertwine, Ginzo\'s henchmen are soon after Zatoichi. With his legendary cane sword at his side, the stage is set for a riveting showdown.','2003-09-06'),(177,'The Killing','Movie',NULL,'Career criminal Johnny Clay recruits a sharpshooter, a crooked police officer, a bartender and a betting teller named George, among others, for one last job before he goes straight and gets married. But when George tells his restless wife about the scheme to steal millions from the racetrack where he works, she hatches a plot of her own.','1956-06-06'),(178,'Pocketful of Miracles','Movie',NULL,'Boozy, brassy Apple Annie, a beggar with a basket of apples, is as much a part of downtown New York as old Broadway itself. Bootlegger Dave the Dude is a sucker for her apples -- he thinks they bring him luck. But Dave and girlfriend Queenie Martin need a lot more than luck when it turns out that Annie is in a jam and only they can help: Annie\'s daughter Louise, who has lived all her life in a Spanish convent, is coming to America with a Count and his son. The count\'s son wants to marry Louise, who thinks her mother is part of New York society. It\'s up to Dave and Queenie and their cronies to turn Annie into a lady and convince the Count and his son that they are hobnobbing with New York\'s elite.','1961-12-18'),(179,'The War of the Roses','Movie',NULL,'The Roses, Barbara and Oliver, live happily as a married couple. Then she starts to wonder what life would be like without Oliver, and likes what she sees. Both want to stay in the house, and so they begin a campaign to force each other to leave. In the middle of the fighting is D\'Amato, the divorce lawyer. He gets to see how far both will go to get rid of the other, and boy do they go far.','1989-12-08'),(275,'Gintama','Anime','Sunrise','The Amanto, aliens from outer space, have invaded Earth and taken over feudal Japan. As a result, a prohibition on swords has been established, and the samurai of Japan are treated with disregard as a consequence. However one man, Gintoki Sakata, still possesses the heart of the samurai, although from his love of sweets and work as a yorozuya, one might not expect it. Accompanying him in his jack-of-all-trades line of work are Shinpachi Shimura, a boy with glasses and a strong heart, Kagura with her umbrella and seemingly bottomless stomach, as well as Sadaharu, their oversized pet dog. Of course, these odd jobs are not always simple, as they frequently have run-ins with the police, ragtag rebels, and assassins, oftentimes leading to humorous but unfortunate consequences. Who said life as an errand boy was easy? [Written by MAL Rewrite]','2006-04-04'),(276,'Demon Slayer: Kimetsu no Yaiba','Anime','ufotable','Ever since the death of his father, the burden of supporting the family has fallen upon Tanjirou Kamado\'s shoulders. Though living impoverished on a remote mountain, the Kamado family are able to enjoy a relatively peaceful and happy life. One day, Tanjirou decides to go down to the local village to make a little money selling charcoal. On his way back, night falls, forcing Tanjirou to take shelter in the house of a strange man, who warns him of the existence of flesh-eating demons that lurk in the woods at night. When he finally arrives back home the next day, he is met with a horrifying sight—his whole family has been slaughtered. Worse still, the sole survivor is his sister Nezuko, who has been turned into a bloodthirsty demon. Consumed by rage and hatred, Tanjirou swears to avenge his family and stay by his only remaining sibling. Alongside the mysterious group calling themselves the Demon Slayer Corps, Tanjirou will do whatever it takes to slay the demons and protect the remnants of his beloved sister\'s humanity. [Written by MAL Rewrite]','2019-04-06'),(277,'Gintama.: Slip Arc','Anime','Bandai Namco Pictures','Following the grim events of Iga, Kokujou Island, Rakuyou, and multiple fruitless confrontations with the Tenshouin Naraku and Tendoshuu, Gintama.: Porori-hen takes its viewers on a trip down memory lane to when Yorozuya were mostly doing what they did best—odd jobs. The great space hunter Umibouzu has returned to Edo and is livid when he finds out that his daughter Kagura has a boyfriend. He blames Gintoki for being an incompetent guardian, but has the time finally come for him to let go of his daughter? Back with shameless parodies, risqué humor, and lively camaraderie, Gintoki, Kagura, and Shinpachi are faced with unforeseen situations that manage to be both hilarious and emotionally stirring. [Written by MAL Rewrite]','2017-10-02'),(278,'Fruits Basket: The Final','Anime','TMS Entertainment','Hundreds of years ago, the Chinese Zodiac spirits and their god swore to stay together eternally. United by this promise, the possessed members of the Souma family shall always return to each other under any circumstances. Yet, when these bonds shackle them from freedom, it becomes an undesirable burden—a curse. As head of the clan, Akito is convinced that he shares a special connection with the other Soumas. While he desperately clings to this fantasy, the rest of the family remains isolated and suppressed by the fear of punishment. Tooru Honda, who has grown attached to the Soumas, is determined to break the chains that bind them. Her companionship with the family and her friends encourages her to move forward with lifting the curse. However, due to confounding revelations, she struggles to find the tenacity to continue her endeavors. With time slowly withering away, Tooru contends with an uncertain future in hopes of reaching the tranquility that may lie beyond all this commotion. [Written by MAL Rewrite]','2021-04-06'),(279,'Aria the Origination','Anime','Hal Film Maker','In the 24th century on the planet Aqua, three girls—Akari Mizunashi, Alice Carroll, and Aika S. Granzchesta—continue to work hard toward achieving their goal of becoming Prima Undines: professional tour guide gondoliers. Luckily, the girls have the guidance of the three best Prima Undines in Neo-Venezia—Alicia Florence, Athena Glory, and Akira E. Ferrari—who are known as the \"Water Fairies\" in honor of their skill. With their help, the young apprentices train hard and work to overcome any situations that they find themselves in. Aria The Origination follows the hardships and daily lives of these three young girls, who are doing their best to improve as tour gondoliers in Neo-Venezia, a terraformed replica of Venice. [Written by MAL Rewrite]','2008-01-08'),(280,'Gintama.: Silver Soul Arc','Anime','Bandai Namco Pictures','After the fierce battle on Rakuyou, the untold past and true goal of the immortal Naraku leader, Utsuro, are finally revealed. By corrupting the Altana reserves of several planets, Utsuro has successfully triggered the intervention of the Tendoshuu’s greatest enemy: the Altana Liberation Army. With Earth as the main battleground in this interplanetary war, Utsuro\'s master plan to destroy the planet—and himself—is nearly complete. An attack on the O-Edo Central Terminal marks the beginning of the final battle to take back the land of the samurai. With the Yorozuya nowhere in sight, the bakufu all but collapsed, and the Shogun missing, the people are left completely helpless as the Liberation Army begins pillaging Edo in the name of freeing them from the Tendoshuu\'s rule. Caught in the crossfire between two equally imposing forces, can Gintoki, Kagura, Shinpachi, and the former students of Shouyou Yoshida put aside their differences and unite their allies to protect what they hold dear? [Written by MAL Rewrite]','2018-01-08'),(281,'Wolf Children','Anime','Studio Chizu','Hana, a hard-working college student, falls in love with a mysterious man who attends one of her classes though he is not an actual student. As it turns out, he is not truly human either. On a full moon night, he transforms, revealing that he is the last werewolf alive. Despite this, Hana\'s love remains strong, and the two ultimately decide to start a family. Hana gives birth to two healthy children—Ame, born during rainfall, and Yuki, born during snowfall—both possessing the ability to turn into wolves, a trait inherited from their father. All too soon, however, the sudden death of her lover devastates Hana\'s life, leaving her to raise a peculiar family completely on her own. The stress of raising her wild-natured children in a densely populated city, all while keeping their identity a secret, culminates in a decision to move to the countryside, where she hopes Ame and Yuki can live a life free from the judgments of society. Wolf Children is the heartwarming story about the challenges of being a single mother in an unforgiving modern world. [Written by MAL Rewrite]','2012-07-21'),(282,'Samurai X: Trust and Betrayal','Anime','Studio Deen','When mankind\'s savagery surpasses his fear of death, there is little hope for those who wish to live honest lives. Beneath a full moon, a young boy witnesses the murder of the bandits who had enslaved him, and is then christened with a new name by the man who rescued him. This boy is Shinta, now known as Kenshin Himura, and he is destined to become a swordsman. The softness of his heart does not befit the occupation, but his desire to protect the innocent is absolute. Rurouni Kenshin: Meiji Kenkaku Romantan - Tsuioku-hen details the origins of the man who would bear the name of Hitokiri Battousai long before he swore his oath not to kill and before he earned his reputation as an assassin. The young man\'s heart is divided between justice and corruption, while the fate of a nation rests on his actions. [Written by MAL Rewrite]','1999-02-02'),(283,'Attack on Titan Season 3 Part 2','Anime','Wit Studio','Seeking to restore humanity\'s diminishing hope, the Survey Corps embark on a mission to retake Wall Maria, where the battle against the merciless \"Titans\" takes the stage once again. Returning to the tattered Shiganshina District that was once his home, Eren Yeager and the Corps find the town oddly unoccupied by Titans. Even after the outer gate is plugged, they strangely encounter no opposition. The mission progresses smoothly until Armin Arlert, highly suspicious of the enemy\'s absence, discovers distressing signs of a potential scheme against them. Shingeki no Kyojin Season 3 Part 2 follows Eren as he vows to take back everything that was once his. Alongside him, the Survey Corps strive—through countless sacrifices—to carve a path towards victory and uncover the secrets locked away in the Yeager family\'s basement. [Written by MAL Rewrite]','2019-04-29'),(284,'Gintama Season 4','Anime','Bandai Namco Pictures','Gintoki, Shinpachi, and Kagura return as the fun-loving but broke members of the Yorozuya team! Living in an alternate-reality Edo, where swords are prohibited and alien overlords have conquered Japan, they try to thrive on doing whatever work they can get their hands on. However, Shinpachi and Kagura still haven\'t been paid... Does Gin-chan really spend all that cash playing pachinko? Meanwhile, when Gintoki drunkenly staggers home one night, an alien spaceship crashes nearby. A fatally injured crew member emerges from the ship and gives Gintoki a strange, clock-shaped device, warning him that it is incredibly powerful and must be safeguarded. Mistaking it for his alarm clock, Gintoki proceeds to smash the device the next morning and suddenly discovers that the world outside his apartment has come to a standstill. With Kagura and Shinpachi at his side, he sets off to get the device fixed; though, as usual, nothing is ever that simple for the Yorozuya team. Filled with tongue-in-cheek humor and moments of heartfelt emotion, Gintama\'s fourth season finds Gintoki and his friends facing both their most hilarious misadventures and most dangerous crises yet. [Written by MAL Rewrite]','2015-04-08'),(285,'Violet Evergarden','Anime','Kyoto Animation','The Great War finally came to an end after four long years of conflict; fractured in two, the continent of Telesis slowly began to flourish once again. Caught up in the bloodshed was Violet Evergarden, a young girl raised for the sole purpose of decimating enemy lines. Hospitalized and maimed in a bloody skirmish during the War\'s final leg, she was left with only words from the person she held dearest, but with no understanding of their meaning. Recovering from her wounds, Violet starts a new life working at CH Postal Services after a falling out with her new intended guardian family. There, she witnesses by pure chance the work of an \"Auto Memory Doll,\" amanuenses that transcribe people\'s thoughts and feelings into words on paper. Moved by the notion, Violet begins work as an Auto Memory Doll, a trade that will take her on an adventure, one that will reshape the lives of her clients and hopefully lead to self-discovery. [Written by MAL Rewrite]','2018-01-11'),(286,'The Disappearance of Haruhi Suzumiya','Anime','Kyoto Animation','One cold Christmas day, Kyon heads over to school and the SOS Brigade\'s holiday celebration, only to realize that Haruhi Suzumiya seems to have disappeared. Moreover, no one even remembers her or the SOS Brigade; Mikuru Asahina knows nothing and is now afraid of him, and Itsuki Koizumi has also gone missing. The Literature Club, formed only by an uncharacteristically shy Yuki Nagato, now occupies the old SOS club room. Suzumiya Haruhi no Shoushitsu is based on the fourth light novel of the acclaimed Haruhi series and is set after the events of the anime series. Not uncultured in the supernatural, Kyon will have to deal with his whole life turned upside down like a bad joke, and maybe it\'s better that way. [Written by MAL Rewrite]','2010-02-06'),(287,'Mushishi Zoku Shou 2nd Season','Anime','Artland','Ghostly, primordial beings known as Mushi continue to cause mysterious changes in the lives of humans. The travelling Mushishi, Ginko, persists in trying to set right the strange and unsettling situations he encounters. Time loops, living shadows, and telepathy are among the overt effects of interference from Mushi, but more subtle symptoms that take years to be noticed also rouse Ginko\'s concern as he passes from village to village. Through circumstance, Ginko has become an arbiter, determining which Mushi are blessings and which are curses. But the lines that he seeks to draw are subjective. Some of his patients would rather exercise their new powers until they are utterly consumed by them; others desperately strive to rid themselves of afflictions which are in fact protecting their lives from devastation. Those who cross paths with Mushi must learn to accept seemingly impossible consequences for their actions, and heal wounds they did not know they had. Otherwise, they risk meeting with fates beyond their comprehension. [Written by MAL Rewrite]','2014-10-19'),(288,'Link Click','Anime','Studio LAN','Using superpowers to enter their clientele\'s photos one by one, Cheng Xiaoshi and Lu Guang take their work seriously at \"Time Photo Studio,\" a small photography shop set in the backdrop of a modern metropolis. Each job can be full of danger, but nothing is more important than fulfilling every order, no matter the scale…or peril involved! (Source: Funimation)','2021-04-03'),(289,'Your Name.','Anime','CoMix Wave Films','Mitsuha Miyamizu, a high school girl, yearns to live the life of a boy in the bustling city of Tokyo—a dream that stands in stark contrast to her present life in the countryside. Meanwhile in the city, Taki Tachibana lives a busy life as a high school student while juggling his part-time job and hopes for a future in architecture. One day, Mitsuha awakens in a room that is not her own and suddenly finds herself living the dream life in Tokyo—but in Taki\'s body! Elsewhere, Taki finds himself living Mitsuha\'s life in the humble countryside. In pursuit of an answer to this strange phenomenon, they begin to search for one another. Kimi no Na wa. revolves around Mitsuha and Taki\'s actions, which begin to have a dramatic impact on each other\'s lives, weaving them into a fabric held together by fate and circumstance. [Written by MAL Rewrite]','2016-08-26'),(290,'Mo Dao Zu Shi: Wanjie Pian','Anime','B.CMAY PICTURES','The third and final season of Mo Dao Zu Shi that covers the Yi City Arc. The story follows the two main characters Wei Wuxian and Lan Wangji as they try to finish solving the mystery behind the haunted arm of an unknown corpse.','2021-08-07'),(291,'A Silent Voice','Anime','Kyoto Animation','As a wild youth, elementary school student Shouya Ishida sought to beat boredom in the cruelest ways. When the deaf Shouko Nishimiya transfers into his class, Shouya and the rest of his class thoughtlessly bully her for fun. However, when her mother notifies the school, he is singled out and blamed for everything done to her. With Shouko transferring out of the school, Shouya is left at the mercy of his classmates. He is heartlessly ostracized all throughout elementary and middle school, while teachers turn a blind eye. Now in his third year of high school, Shouya is still plagued by his wrongdoings as a young boy. Sincerely regretting his past actions, he sets out on a journey of redemption: to meet Shouko once more and make amends. Koe no Katachi tells the heartwarming tale of Shouya\'s reunion with Shouko and his honest attempts to redeem himself, all while being continually haunted by the shadows of his past. [Written by MAL Rewrite]','2016-09-17'),(292,'Gintama Movie 2: Kanketsu-hen - Yorozuya yo Eien Nare','Anime','Sunrise','When Gintoki apprehends a movie pirate at a premiere, he checks the camera\'s footage and finds himself transported to a bleak, post-apocalyptic version of Edo, where a mysterious epidemic called the \"White Plague\" has ravished the world\'s population. It turns out that the movie pirate wasn\'t a pirate after all—it was an android time machine, and Gintoki has been hurtled five years into the future! Shinpachi and Kagura, his Yorozuya cohorts, have had a falling out and are now battle-hardened solo vigilantes and he himself has been missing for years, disappearing without a trace after scribbling a strange message in his journal. Setting out in the disguise given to him by the android time machine, Gintoki haphazardly reunites the Yorozuya team to investigate the White Plague, and soon discovers that the key to saving the future lies in the darkness of his own past. Determined to confront a powerful foe, he makes an important discovery—with a ragtag band of friends and allies at his side, he doesn\'t have to fight alone. [Written by MAL Rewrite]','2013-07-06'),(293,'Demon Slayer -Kimetsu no Yaiba- The Movie: Mugen Train','Anime','ufotable','After a string of mysterious disappearances begin to plague a train, the Demon Slayer Corps\' multiple attempts to remedy the problem prove fruitless. To prevent further casualties, the flame pillar, Kyoujurou Rengoku, takes it upon himself to eliminate the threat. Accompanying him are some of the Corps\' most promising new blood: Tanjirou Kamado, Zenitsu Agatsuma, and Inosuke Hashibira, who all hope to witness the fiery feats of this model demon slayer firsthand. Unbeknownst to them, the demonic forces responsible for the disappearances have already put their sinister plan in motion. Under this demonic presence, the group must muster every ounce of their willpower and draw their swords to save all two hundred passengers onboard. Kimetsu no Yaiba Movie: Mugen Ressha-hen delves into the deepest corners of Tanjirou\'s mind, putting his resolve and commitment to duty to the test. [Written by MAL Rewrite]','2020-10-16'),(294,'Death Note','Anime','Madhouse','A shinigami, as a god of death, can kill any person—provided they see their victim\'s face and write their victim\'s name in a notebook called a Death Note. One day, Ryuk, bored by the shinigami lifestyle and interested in seeing how a human would use a Death Note, drops one into the human realm. High school student and prodigy Light Yagami stumbles upon the Death Note and—since he deplores the state of the world—tests the deadly notebook by writing a criminal\'s name in it. When the criminal dies immediately following his experiment with the Death Note, Light is greatly surprised and quickly recognizes how devastating the power that has fallen into his hands could be. With this divine capability, Light decides to extinguish all criminals in order to build a new world where crime does not exist and people worship him as a god. Police, however, quickly discover that a serial killer is targeting criminals and, consequently, try to apprehend the culprit. To do this, the Japanese investigators count on the assistance of the best detective in the world: a young and eccentric man known only by the name of L. [Written by MAL Rewrite]','2006-10-04'),(295,'Gintama: Enchousen','Anime','Sunrise','While Gintoki Sakata was away, the Yorozuya found themselves a new leader: Kintoki, Gintoki\'s golden-haired doppelganger. In order to regain his former position, Gintoki will need the help of those around him, a troubling feat when no one can remember him! Between Kintoki and Gintoki, who will claim the throne as the main character? In addition, Yorozuya make a trip back down to red-light district of Yoshiwara to aid an elderly courtesan in her search for her long-lost lover. Although the district is no longer in chains beneath the earth\'s surface, the trio soon learn of the tragic backstories of Yoshiwara\'s inhabitants that still haunt them. With flashback after flashback, this quest has Yorozuya witnessing everlasting love and protecting it as best they can with their hearts and souls. Gintama\': Enchousen includes moments of action-packed intensity along with their usual lighthearted, slapstick humor for Gintoki and his friends. [Written by MAL Rewrite]','2012-10-04'),(296,'Natsume\'s Book of Friends Season 6','Anime','Shuka','Takashi Natsume has grown accustomed to his encounters with youkai through the Book of Friends, which contains the names of youkai whom his grandmother, Reiko Natsume, has sealed in contracts. These encounters allow Natsume to better understand the youkai, Reiko, and himself. The Book of Friends is a powerful tool that can be used to control youkai; it is sought after by both youkai and exorcists alike. Natsume just wants to live out his daily life in peace but is constantly disrupted by these experiences. If he is to end this torment, Natsume must explore more about the book and the world of exorcism, as well as begin to open his heart to those who can help him. [Written by MAL Rewrite]','2017-04-12'),(297,'Jujutsu Kaisen (TV)','Anime','MAPPA','Idly indulging in baseless paranormal activities with the Occult Club, high schooler Yuuji Itadori spends his days at either the clubroom or the hospital, where he visits his bedridden grandfather. However, this leisurely lifestyle soon takes a turn for the strange when he unknowingly encounters a cursed item. Triggering a chain of supernatural occurrences, Yuuji finds himself suddenly thrust into the world of Curses—dreadful beings formed from human malice and negativity—after swallowing the said item, revealed to be a finger belonging to the demon Sukuna Ryoumen, the \"King of Curses.\" Yuuji experiences first-hand the threat these Curses pose to society as he discovers his own newfound powers. Introduced to the Tokyo Metropolitan Jujutsu Technical High School, he begins to walk down a path from which he cannot return—the path of a Jujutsu sorcerer. [Written by MAL Rewrite]','2020-10-03'),(298,'Vinland Saga','Anime','Wit Studio','Young Thorfinn grew up listening to the stories of old sailors that had traveled the ocean and reached the place of legend, Vinland. It\'s said to be warm and fertile, a place where there would be no need for fighting—not at all like the frozen village in Iceland where he was born, and certainly not like his current life as a mercenary. War is his home now. Though his father once told him, \"You have no enemies, nobody does. There is nobody who it\'s okay to hurt,\" as he grew, Thorfinn knew that nothing was further from the truth. The war between England and the Danes grows worse with each passing year. Death has become commonplace, and the viking mercenaries are loving every moment of it. Allying with either side will cause a massive swing in the balance of power, and the vikings are happy to make names for themselves and take any spoils they earn along the way. Among the chaos, Thorfinn must take his revenge and kill Askeladd, the man who murdered his father. The only paradise for the vikings, it seems, is the era of war and death that rages on. [Written by MAL Rewrite]','2019-07-08'),(299,'Fullmetal Alchemist: Brotherhood','Anime','Bones','After a horrific alchemy experiment goes wrong in the Elric household, brothers Edward and Alphonse are left in a catastrophic new reality. Ignoring the alchemical principle banning human transmutation, the boys attempted to bring their recently deceased mother back to life. Instead, they suffered brutal personal loss: Alphonse\'s body disintegrated while Edward lost a leg and then sacrificed an arm to keep Alphonse\'s soul in the physical realm by binding it to a hulking suit of armor. The brothers are rescued by their neighbor Pinako Rockbell and her granddaughter Winry. Known as a bio-mechanical engineering prodigy, Winry creates prosthetic limbs for Edward by utilizing \"automail,\" a tough, versatile metal used in robots and combat armor. After years of training, the Elric brothers set off on a quest to restore their bodies by locating the Philosopher\'s Stone—a powerful gem that allows an alchemist to defy the traditional laws of Equivalent Exchange. As Edward becomes an infamous alchemist and gains the nickname \"Fullmetal,\" the boys\' journey embroils them in a growing conspiracy that threatens the fate of the world. [Written by MAL Rewrite]','2009-04-05'),(300,'Owarimonogatari Second Season','Anime','Shaft','Following an encounter with oddity specialist Izuko Gaen, third-year high school student Koyomi Araragi wakes up in a strange, deserted void only to be greeted by a joyfully familiar face in an alarmingly unfamiliar place. Araragi, with the help of his girlfriend Hitagi Senjougahara, maneuvers through the webs of his past and the perplexities of the present in search of answers. However, fate once again delivers him to the eccentric transfer student Ougi Oshino, who brings forth an unexpected proposal that may unearth the very foundation to which he is anchored. As Araragi peels back the layers of mystery surrounding an apparition, he discovers a truth not meant to be revealed. [Written by MAL Rewrite]','2017-08-12'),(301,'Rocky Joe 2','Anime','Tokyo Movie Shinsha','Yabuki Joe is left downhearted and hopeless after a certain tragic event. In attempt to put the past behind him, Joe leaves the gym behind and begins wandering. On his travels he comes across the likes of Wolf Kanagushi and Goromaki Gondo, men who unintentionally fan the dying embers inside him, leading him to putting his wanderings to an end. His return home puts Joe back on the path to boxing, but unknown to himself and his trainer, he now suffers deep-set issues holding him back from fighting. In attempt to quell those issues, Carlos Rivera, a world renowned boxer is invited from Venezuela to help Joe recover.','1980-10-13'),(302,'Slam Dunk','Anime','Toei Animation','Hanamichi Sakuragi, infamous for his temper, massive height, and fire-red hair, enrolls in Shohoku High, hoping to finally get a girlfriend and break his record of being rejected 50 consecutive times in middle school. His notoriety precedes him, however, leading to him being avoided by most students. Soon, after certain events, Hanamichi is left with two unwavering thoughts: \"I hate basketball,\" and \"I desperately need a girlfriend.\" One day, a girl named Haruko Akagi approaches him without any knowledge of his troublemaking ways and asks him if he likes basketball. Hanamichi immediately falls head over heels in love with her, blurting out a fervent affirmative. She then leads him to the gymnasium, where she asks him if he can do a slam dunk. In an attempt to impress Haruko, he makes the leap, but overshoots, instead slamming his head straight into the blackboard. When Haruko informs the basketball team\'s captain of Hanamichi\'s near-inhuman physical capabilities, he slowly finds himself drawn into the camaraderie and competition of the sport he had previously held resentment for. [Written by MAL Rewrite]','1993-10-16'),(303,'Made in Abyss Movie 3: Fukaki Tamashii no Reimei','Anime','Kinema Citrus','Continuing their perilous descent down the Abyss, Riko, Regu, and newfound friend Nanachi reach the Abyss\' fifth layer, The Sea of Corpses. Upon arriving at the research station known as Idofront, the main trio encounter the mysterious Prushka, the alleged daughter of Bondrewd, who leads them to the White Whistle responsible for Nanachi\'s dark past. Despite the welcoming appearances of Idofront\'s residents, Nanachi warns the young adventurers that things are not always what they seem. With the only route to the sixth layer shrouded in mystery and Bonedrewd\'s schemes awaiting them, what sacrifices must be made in order to continue the journey down to the bottom of the Abyss? [Written by MAL Rewrite]','2020-01-17'),(304,'Violet Evergarden Movie','Anime','Kyoto Animation','Several years have passed since the end of The Great War. As the radio tower in Leidenschaftlich continues to be built, telephones will soon become more relevant, leading to a decline in demand for \"Auto Memory Dolls.\" Even so, Violet Evergarden continues to rise in fame after her constant success with writing letters. However, sometimes the one thing you long for is the one thing that does not appear. Violet Evergarden Movie follows Violet as she continues to comprehend the concept of emotion and the meaning of love. At the same time, she pursues a glimmer of hope that the man who once told her, \"I love you,\" may still be alive even after the many years that have passed. [Written by MAL Rewrite]','2020-09-18'),(305,'Gurren Lagann The Movie: The Lights in the Sky are Stars','Anime','Gainax','Humans have enjoyed their lavish, peaceful, and prosperous lives for seven years since the day the almighty Spiral King was defeated—the day they reclaimed their homeland, Earth. However, the boon of this lifestyle leaves them unprepared when an unknown, hostile threat arises due to the ever-growing human population. This calamity is the Anti-Spiral—a fearsome enemy with unparalleled power. As the Spiral King\'s prognosis postulating the destruction of \"The Spiral\'s World\" begins to come true, the pieces are in place, and Team Dai-Gurren is ready. With his late brother\'s hope to see a better future for mankind, Simon—along with Nia Teppelin and the rest of the team—is determined to overthrow the mighty Anti-Spiral in order to revive humanity\'s lost hope. [Written by MAL Rewrite]','2009-04-22'),(306,'Steins;Gate','Anime','White Fox','The self-proclaimed mad scientist Rintarou Okabe rents out a room in a rickety old building in Akihabara, where he indulges himself in his hobby of inventing prospective \"future gadgets\" with fellow lab members: Mayuri Shiina, his air-headed childhood friend, and Hashida Itaru, a perverted hacker nicknamed \"Daru.\" The three pass the time by tinkering with their most promising contraption yet, a machine dubbed the \"Phone Microwave,\" which performs the strange function of morphing bananas into piles of green gel. Though miraculous in itself, the phenomenon doesn\'t provide anything concrete in Okabe\'s search for a scientific breakthrough; that is, until the lab members are spurred into action by a string of mysterious happenings before stumbling upon an unexpected success—the Phone Microwave can send emails to the past, altering the flow of history. Adapted from the critically acclaimed visual novel by 5pb. and Nitroplus, Steins;Gate takes Okabe through the depths of scientific theory and practicality. Forced across the diverging threads of past and present, Okabe must shoulder the burdens that come with holding the key to the realm of time. [Written by MAL Rewrite]','2011-04-06'),(307,'Banana Fish','Anime','MAPPA','Aslan Jade Callenreese, known as Ash Lynx, was a runaway picked off the streets of New York City and raised by the infamous godfather of the mafia, Dino Golzine. Now 17 years old and the boss of his own gang, Ash begins investigating the mysterious \"Banana Fish\"—the same two words his older brother, Griffin, has muttered since his return from the Iraq War. However, his inquiries are hindered when Dino sends his men after Ash at an underground bar he uses as a hideout. At the bar, Skip, Ash\'s friend, introduces him to Shunichi Ibe and his assistant, Eiji Okumura, who are Japanese photographers reporting on American street gangs. However, their conversation is interrupted when Shorter Wong, one of Ash\'s allies, calls to warn him about Dino. Soon, Dino\'s men storm the bar, and in the ensuing chaos kidnap Skip and Eiji. Now, Ash must find a way to rescue them and continue his investigation into Banana Fish, but will his history with the mafia prevent him from succeeding? [Written by MAL Rewrite]','2018-07-06'),(308,'the Garden of sinners Chapter 5: Paradox Paradigm','Anime','ufotable','In November 1998, a double homicide occurs at the newly constructed Ogawa apartment complex in the heart of Mifune City. The murderer, Tomoe Enjou, has fled in a panic. To his astonishment, he is not pursued by the police and news of the incident has not been reported through media outlets. After Shiki Ryougi defends Tomoe from a group of thugs, she allows him to use her residence as a hideout. However, a few days later, Tomoe is shaken to discover that his mother is alive, even though he is convinced that he killed her. Coincidentally, Mikiya Kokutou is investigating a tip that his associate Touko Aozaki receives regarding the murder at the unique apartment complex. As he uncovers more information about the incident, Mikiya takes a particular interest in Tomoe. Deciding to investigate him further, Mikiya soon discovers the disturbing truth of the foreboding Ogawa complex. The fifth installment of the Kara no Kyoukai film series, Mujun Rasen combines an intricately constructed mystery with established themes and characters to produce a dark, thought-provoking story. [Written by MAL Rewrite]','2008-08-16'),(309,'Made in Abyss','Anime','Kinema Citrus','The Abyss—a gaping chasm stretching down into the depths of the earth, filled with mysterious creatures and relics from a time long past. How did it come to be? What lies at the bottom? Countless brave individuals, known as Divers, have sought to solve these mysteries of the Abyss, fearlessly descending into its darkest realms. The best and bravest of the Divers, the White Whistles, are hailed as legends by those who remain on the surface. Riko, daughter of the missing White Whistle Lyza the Annihilator, aspires to become like her mother and explore the furthest reaches of the Abyss. However, just a novice Red Whistle herself, she is only permitted to roam its most upper layer. Even so, Riko has a chance encounter with a mysterious robot with the appearance of an ordinary young boy. She comes to name him Reg, and he has no recollection of the events preceding his discovery. Certain that the technology to create Reg must come from deep within the Abyss, the two decide to venture forth into the chasm to recover his memories and see the bottom of the great pit with their own eyes. However, they know not of the harsh reality that is the true existence of the Abyss. [Written by MAL Rewrite]','2017-07-07'),(310,'Code Geass: Lelouch of the Rebellion','Anime','Sunrise','In the year 2010, the Holy Empire of Britannia is establishing itself as a dominant military nation, starting with the conquest of Japan. Renamed to Area 11 after its swift defeat, Japan has seen significant resistance against these tyrants in an attempt to regain independence. Lelouch Lamperouge, a Britannian student, unfortunately finds himself caught in a crossfire between the Britannian and the Area 11 rebel armed forces. He is able to escape, however, thanks to the timely appearance of a mysterious girl named C.C., who bestows upon him Geass, the \"Power of Kings.\" Realizing the vast potential of his newfound \"power of absolute obedience,\" Lelouch embarks upon a perilous journey as the masked vigilante known as Zero, leading a merciless onslaught against Britannia in order to get revenge once and for all. [Written by MAL Rewrite]','2006-10-06'),(311,'Bakuman.','Anime','J.C.Staff','Onto their third serialization, manga duo Moritaka Mashiro and Akito Takagi—also known by their pen name, Muto Ashirogi—are ever closer to their dream of an anime adaption. However, the real challenge is only just beginning: if they are unable to compete with the artist Eiji Niizuma in the rankings within the span of six months, they will be canceled. To top it off, numerous rivals are close behind and declaring war. They don\'t even have enough time to spare thinking about an anime! In Bakuman. 3rd Season, Muto Ashirogi must find a way to stay atop the colossal mountain known as the Shounen Jack rankings. With new problems and new assistants, the pair continue to strive for their dream. [Written by MAL Rewrite]','2012-10-06'),(312,'Kizumonogatari Part 2: Nekketsu','Anime','Shaft','No longer truly human, Koyomi Araragi decides to retrieve Kiss-shot Acerola-orion Heart-under-blade\'s severed body parts that were stolen by three powerful vampire hunters. Awaiting him are Dramaturgie, a vampire hunter who is a vampire himself; Episode, a half-vampire with the ability to transform into mist; and Guillotinecutter, a human priest who is the most dangerous of them all. Unbeknownst to Araragi, each minute he spends trying to retrieve Kiss-shot\'s limbs makes him less of a human and more of a vampire. Will he be able to keep his wish of becoming human once again by the end of his battles? [Written by MAL Rewrite]','2016-08-19'),(313,'Hajime No Ippo: The Fighting!','Anime','Madhouse','Japanese Featherweight Champion Makunouchi Ippo has defended his title belt once more with the help of his devastating signature move: the Dempsey Roll. However, new challengers are rising up left and right, claiming to have an answer for the move responsible for crushing his opponents. Will Ippo be able to step up to the challenge, or will the weight of his pride destroy him before he finds out just what it means to be strong? Meanwhile, fellow Kamogawa Gym mate Aoki Masaru is just a hop, skip, and a Frog Punch away from claiming his own belt, ready to take on the Japanese Lightweight Champion! Hajime no Ippo: Rising continues Ippo\'s quest to become stronger, featuring the same cast of loveable dimwits from Kamogawa Gym, as they put their bodies and hearts on the line to make their way in the harsh world of professional boxing. With a will of iron, Ippo steps into the ring once again. [Written by MAL Rewrite]','2013-10-06'),(314,'Spirited Away','Anime','Studio Ghibli','Stubborn, spoiled, and naïve, 10-year-old Chihiro Ogino is less than pleased when she and her parents discover an abandoned amusement park on the way to their new house. Cautiously venturing inside, she realizes that there is more to this place than meets the eye, as strange things begin to happen once dusk falls. Ghostly apparitions and food that turns her parents into pigs are just the start—Chihiro has unwittingly crossed over into the spirit world. Now trapped, she must summon the courage to live and work amongst spirits, with the help of the enigmatic Haku and the cast of unique characters she meets along the way. Vivid and intriguing, Sen to Chihiro no Kamikakushi tells the story of Chihiro\'s journey through an unfamiliar world as she strives to save her parents and return home. [Written by MAL Rewrite]','2001-07-02'),(315,'One Piece','Anime','Toei Animation','Gol D. Roger was known as the \"Pirate King,\" the strongest and most infamous being to have sailed the Grand Line. The capture and execution of Roger by the World Government brought a change throughout the world. His last words before his death revealed the existence of the greatest treasure in the world, One Piece. It was this revelation that brought about the Grand Age of Pirates, men who dreamed of finding One Piece—which promises an unlimited amount of riches and fame—and quite possibly the pinnacle of glory and the title of the Pirate King. Enter Monkey D. Luffy, a 17-year-old boy who defies your standard definition of a pirate. Rather than the popular persona of a wicked, hardened, toothless pirate ransacking villages for fun, Luffy\'s reason for being a pirate is one of pure wonder: the thought of an exciting adventure that leads him to intriguing people and ultimately, the promised treasure. Following in the footsteps of his childhood hero, Luffy and his crew travel across the Grand Line, experiencing crazy adventures, unveiling dark mysteries and battling strong enemies, all in order to reach the most coveted of all fortunes—One Piece. [Written by MAL Rewrite]','1999-10-02'),(316,'Fate/stay night: Heaven\'s Feel - III. Spring Song','Anime','ufotable','The Fifth Holy Grail War in Fuyuki City has reached a turning point in which the lives of all participants are threatened as the hidden enemy finally reveals itself. As Shirou Emiya, Rin Toosaka, and Illyasviel von Einzbern discover the true, corruptive nature of the shadow that has been rampaging throughout the city, they realize just how dire the situation is. In order to protect their beloved ones, the group must hold their own against the seemingly insurmountable enemy force—even if some of those foes were once their allies, or perhaps, something more intimate. As the final act of this chaotic war commences, the ideals Shirou believes will soon be challenged by an excruciating dilemma: is it really possible to save a world where everything seems to have gone wrong? [Written by MAL Rewrite]','2020-08-15'),(317,'Princess Mononoke','Anime','Studio Ghibli','When an Emishi village is attacked by a fierce demon boar, the young prince Ashitaka puts his life at stake to defend his tribe. With its dying breath, the beast curses the prince\'s arm, granting him demonic powers while gradually siphoning his life away. Instructed by the village elders to travel westward for a cure, Ashitaka arrives at Tatara, the Iron Town, where he finds himself embroiled in a fierce conflict: Lady Eboshi of Tatara, promoting constant deforestation, stands against Princess San and the sacred spirits of the forest, who are furious at the destruction brought by the humans. As the opposing forces of nature and mankind begin to clash in a desperate struggle for survival, Ashitaka attempts to seek harmony between the two, all the while battling the latent demon inside of him. Princess Mononoke is a tale depicting the connection of technology and nature, while showing the path to harmony that could be achieved by mutual acceptance. [Written by MAL Rewrite]','1997-07-12'),(318,'One Punch Man','Anime','Madhouse','The seemingly ordinary and unimpressive Saitama has a rather unique hobby: being a hero. In order to pursue his childhood dream, he trained relentlessly for three years—and lost all of his hair in the process. Now, Saitama is incredibly powerful, so much so that no enemy is able to defeat him in battle. In fact, all it takes to defeat evildoers with just one punch has led to an unexpected problem—he is no longer able to enjoy the thrill of battling and has become quite bored. This all changes with the arrival of Genos, a 19-year-old cyborg, who wishes to be Saitama\'s disciple after seeing what he is capable of. Genos proposes that the two join the Hero Association in order to become certified heroes that will be recognized for their positive contributions to society, and Saitama, shocked that no one knows who he is, quickly agrees. And thus begins the story of One Punch Man, an action-comedy that follows an eccentric individual who longs to fight strong enemies that can hopefully give him the excitement he once felt and just maybe, he\'ll become popular in the process. [Written by MAL Rewrite]','2015-10-05'),(319,'Hunter x Hunter','Anime','Madhouse','Hunter x Hunter is set in a world where Hunters exist to perform all manner of dangerous tasks like capturing criminals and bravely searching for lost treasures in uncharted territories. Twelve-year-old Gon Freecss is determined to become the best Hunter possible in hopes of finding his father, who was a Hunter himself and had long ago abandoned his young son. However, Gon soon realizes the path to achieving his goals is far more challenging than he could have ever imagined. Along the way to becoming an official Hunter, Gon befriends the lively doctor-in-training Leorio, vengeful Kurapika, and rebellious ex-assassin Killua. To attain their own goals and desires, together the four of them take the Hunter Exam, notorious for its low success rate and high probability of death. Throughout their journey, Gon and his friends embark on an adventure that puts them through many hardships and struggles. They will meet a plethora of monsters, creatures, and characters—all while learning what being a Hunter truly means. [Written by MAL Rewrite]','2011-10-02'),(320,'March Comes In Like A Lion 2nd Season','Anime','Shaft','Now in his second year of high school, Rei Kiriyama continues pushing through his struggles in the professional shogi world as well as his personal life. Surrounded by vibrant personalities at the shogi hall, the school club, and in the local community, his solitary shell slowly begins to crack. Among them are the three Kawamoto sisters—Akari, Hinata, and Momo—who forge an affectionate and familial bond with Rei. Through these ties, he realizes that everyone is burdened by their own emotional hardships and begins learning how to rely on others while supporting them in return. Nonetheless, the life of a professional is not easy. Between tournaments, championships, and title matches, the pressure mounts as Rei advances through the ranks and encounters incredibly skilled opponents. As he manages his relationships with those who have grown close to him, the shogi player continues to search for the reason he plays the game that defines his career. [Written by MAL Rewrite]','2017-10-14'),(321,'Gintama: The Movie','Anime','Sunrise','Gintoki and his Yorozuya friends (or rather, employees suffering under labor violations), Shinpachi and Kagura, continue to scrape by in the futuristic, alien-infested city of Edo. They take on whatever work they can find while trying not to get involved in anything too dangerous. But when Katsura, the leader of the Joui rebels and Gintoki\'s long-time acquaintance, disappears after being brutally attacked by an unknown assassin, Shinpachi and Kagura begin an investigation into his whereabouts and the identity of the assailant. Meanwhile, Gintoki takes on a seemingly unrelated job: the blacksmith Tetsuya requests that Gin recover a strange and powerful sword called the Benizakura which was recently stolen. As the two investigations gradually intersect, the Yorozuya crew find themselves in the midst of a major conspiracy that hinges on the sinister nature of the Benizakura sword. Gintoki resolves to take the fight directly to the enemy headquarters, and together with a few unexpected allies, sets out on one of his most perilous jobs yet. [Written by MAL Rewrite]','2010-04-24'),(322,'Ping Pong the Animation','Anime','Tatsunoko Production','\"The hero comes. The hero comes. The hero comes. Chant these words in your mind, and I\'ll surely come to you...\" This mantra is what Makoto Tsukimoto repeats as a source of motivation when he fights through the stress of not only grueling ping pong matches, but also in situations of his life. Makoto doesn\'t fight alone; he and his friend, Yutaka Hoshino, nicknamed Smile and Peco respectively, are two boys who have grown up playing ping pong together nearly every day. Peco, brimming with confidence, aims to be the best table tennis player in the world; Smile, on the other hand, shows little ambition. Nevertheless, the two have always stuck together, with a bond built upon their mutual love for this sport. Every year, students from all across Japan gather for the inter-high table tennis competition to achieve national and international stardom. Through intense training and competition, only the very best persevere. From the avant-garde director of Yojouhan Shinwa Taikei, Masaaki Yuasa, Ping Pong the Animation serves a tale of ambition with its fair share of bumps along the way. Whatever the odds, Peco and Smile will face them together. [Written by MAL Rewrite]','2014-04-11'),(323,'A Place Further Than The Universe','Anime','Madhouse','Filled with an overwhelming sense of wonder for the world around her, Mari Tamaki has always dreamt of what lies beyond the reaches of the universe. However, despite harboring such large aspirations on the inside, her fear of the unknown and anxiety over her own possible limitations have always held her back from chasing them. But now, in her second year of high school, Mari is more determined than ever to not let any more of her youth go to waste. Still, her fear continues to prevent her from taking that ambitious step forward—that is, until she has a chance encounter with a girl who has grand dreams of her own. Spurred by her mother\'s disappearance, Shirase Kobuchizawa has been working hard to fund her trip to Antarctica. Despite facing doubt and ridicule from virtually everyone, Shirase is determined to embark on this expedition to search for her mother in a place further than the universe itself. Inspired by Shirase\'s resolve, Mari jumps at the chance to join her. Soon, their efforts attract the attention of the bubbly Hinata Miyake, who is eager to stand out, and Yuzuki Shiraishi, a polite girl from a high class background. Together, they set sail toward the frozen south. Sora yori mo Tooi Basho follows the captivating journey of four spirited girls, all in search of something great. [Written by MAL Rewrite]','2018-01-02'),(324,'Gintama.: Silver Soul Arc - Second Half War','Anime','Bandai Namco Pictures','Second Season of the final arc of Gintama.','2018-07-09'),(325,'Clannad ~After Story~','Anime','Kyoto Animation','Clannad: After Story, the sequel to the critically acclaimed slice-of-life series Clannad, begins after Tomoya Okazaki and Nagisa Furukawa graduate from high school. Together, they experience the emotional rollercoaster of growing up. Unable to decide on a course for his future, Tomoya learns the value of a strong work ethic and discovers the strength of Nagisa\'s support. Through the couple\'s dedication and unity of purpose, they push forward to confront their personal problems, deepen their old relationships, and create new bonds. Time also moves on in the Illusionary World. As the plains grow cold with the approach of winter, the Illusionary Girl and the Garbage Doll are presented with a difficult situation that reveals the World\'s true purpose. Based on the visual novel by Key and produced by Kyoto Animation, Clannad: After Story is an impactful drama highlighting the importance of family and the struggles of adulthood. [Written by MAL Rewrite]','2008-10-03'),(326,'Mob Psycho 100 II','Anime','Bones','Shigeo \"Mob\" Kageyama is now maturing and understanding his role as a supernatural psychic that has the power to drastically affect the livelihood of others. He and his mentor Reigen Arataka continue to deal with supernatural requests from clients, whether it be exorcizing evil spirits or tackling urban legends that haunt the citizens. While the workflow remains the same, Mob isn\'t just blindly following Reigen around anymore. With all his experiences as a ridiculously strong psychic, Mob\'s supernatural adventures now have more weight to them. Things take on a serious and darker tone as the dangers Mob and Reigen face are much more tangible and unsettling than ever before. [Written by MAL Rewrite]','2019-01-07'),(327,'Kaguya-sama: Love is War Season 2','Anime','A-1 Pictures','After a slow but eventful summer vacation, Shuchiin Academy\'s second term is now starting in full force. As August transitions into September, Miyuki Shirogane\'s birthday looms ever closer, leaving Kaguya Shinomiya in a serious predicament as to how to celebrate it. Furthermore, the tenure of the school\'s 67th student council is coming to an end. Due to the council members being in different classes, the only time Kaguya and Miyuki have to be together will soon disappear, putting all of their cunning plans at risk. A long and difficult election that will decide the fate of the new student council awaits, as multiple challengers fight for the coveted title of president. [Written by MAL Rewrite]','2020-04-11'),(328,'The Promised Neverland','Anime','CloverWorks','Surrounded by a forest and a gated entrance, the Grace Field House is inhabited by orphans happily living together as one big family, looked after by their \"Mama,\" Isabella. Although they are required to take tests daily, the children are free to spend their time as they see fit, usually playing outside, as long as they do not venture too far from the orphanage—a rule they are expected to follow no matter what. However, all good times must come to an end, as every few months, a child is adopted and sent to live with their new family, never to be heard from again. However, the three oldest siblings have their suspicions about what is actually happening at the orphanage, and they are about to discover the cruel fate that awaits the children living at Grace Field, including the twisted nature of their beloved Mama. [Written by MAL Rewrite]','2019-01-01'),(329,'Howl\'s Moving Castle','Anime','Studio Ghibli','That jumbled piece of architecture, that cacophony of hissing steam and creaking joints, with smoke billowing from it as it moves on its own... That castle is home to the magnificent wizard Howl, infamous for both his magical prowess and for being a womanizer—or so the rumor goes in Sophie Hatter\'s small town. Sophie, as the plain daughter of a hatmaker, does not expect much from her future and is content with working hard in the shop. However, Sophie\'s simple life takes a turn for the exciting when she is ensnared in a disturbing situation, and the mysterious wizard appears to rescue her. Unfortunately, this encounter, brief as it may be, spurs the vain and vengeful Witch of the Waste—in a fit of jealousy caused by a past discord with Howl—to put a curse on the maiden, turning her into an old woman. In an endeavor to return to normal, Sophie must accompany Howl and a myriad of eccentric companions—ranging from a powerful fire demon to a hopping scarecrow—in his living castle, on a dangerous adventure as a raging war tears their kingdom apart. [Written by MAL Rewrite]','2004-11-02'),(330,'Haikyu!! 3rd Season','Anime','Production I.G','After the victory against Aoba Jousai High, Karasuno High School, once called “a fallen powerhouse, a crow that can’t fly,” has finally reached the climax of the heated Spring tournament. Now, to advance to nationals, the Karasuno team has to defeat the powerhouse Shiratorizawa Academy. Karasuno’s greatest hurdle is their adversary’s ace, Wakatoshi Ushijima, the number one player in the Miyagi Prefecture, and one of the country’s top three aces. Only the strongest team will make it to the national tournament. Since this match is the third-year players’ last chance to qualify for nationals, Karasuno has to use everything they learned during the training camp and prior matches to attain victory. Filled with restlessness and excitement, both teams are determined to come out on top in the third season of Haikyuu!!. [Written by MAL Rewrite]','2016-10-08'),(331,'MUSHI-SHI -Next Passage-','Anime','Artland','Perceived as strange and feared by man, over time the misshapen ones came to be known as Mushi. Although they harbor no ill intentions towards humans, many suffer from the side effects of their existence and strange nature; exploiting the Mushi without understanding them, even unintentionally, can lead to disaster and strife for any involved. Mushishi Zoku Shou continues the story of Mushishi Ginko on his journey to help the visible world to coexist with the Mushi. During his travels, Ginko discovers various gifted individuals—those cursed by circumstance and those maintaining a fragile symbiosis with the Mushi—inevitably confronting the question of whether humanity, talented and tortured alike, can manage the responsibility of the unseen. Moreover, as a Mushishi, Ginko must learn more about these strange beings and decide if he has the right to interfere with the complex relationships between Mushi and mankind. [Written by MAL Rewrite]','2014-04-05'),(332,'Josee, the Tiger and the Fish','Anime','Bones','A youth romantic drama with themes of growing up, the story focuses on college student Tsuneo and dreamer Josee, who lives her life stuck in a wheelchair. Josee—named after the heroine in Françoise Sagan\'s Wonderful Clouds—spends most of her days reading and painting until by chance she encounters Tsuneo, and decides it\'s time to face the real world. (Source: MAL News)','2020-12-25'),(333,'The Tatami Galaxy','Anime','Madhouse','One autumn evening at a mysterious ramen stand behind the Shimogamo Shrine, a lonely third-year college student bumps into a man with an eggplant-shaped head who calls himself a god of matrimony. Meeting this man causes the student to reflect upon his past two years at college—two years bitterly spent trying to break up couples on campus with his only friend Ozu, a ghoulish-looking man seemingly set on making his life as miserable as possible. Resolving to make the most out of the rest of his college life, the student attempts to ask out the unsociable but kind-hearted underclassman Akashi, yet fails to follow through, prompting him to regret not living out his college life differently. As soon as this thought passes through his head, however, he is hurtled through time and space to the beginning of his years at college and given another chance to live his life. Surreal, artistic, and mind-bending, Yojouhan Shinwa Taikei chronicles the misadventures of a young man on a journey to make friends, find love, and experience the rose-colored campus life he always dreamed of. [Written by MAL Rewrite]','2010-04-23'),(334,'Haikyu!! 2nd Season','Anime','Production I.G','Following their participation at the Inter-High, the Karasuno High School volleyball team attempts to refocus their efforts, aiming to conquer the Spring tournament instead. When they receive an invitation from long-standing rival Nekoma High, Karasuno agrees to take part in a large training camp alongside many notable volleyball teams in Tokyo and even some national level players. By playing with some of the toughest teams in Japan, they hope not only to sharpen their skills, but also come up with new attacks that would strengthen them. Moreover, Hinata and Kageyama attempt to devise a more powerful weapon, one that could possibly break the sturdiest of blocks. Facing what may be their last chance at victory before the senior players graduate, the members of Karasuno\'s volleyball team must learn to settle their differences and train harder than ever if they hope to overcome formidable opponents old and new—including their archrival Aoba Jousai and its world-class setter Tooru Oikawa. [Written by MAL Rewrite]','2015-10-04'),(335,'Descending Stories: Showa Genroku Rakugo Shinju','Anime','Studio Deen','Even after having risen to the utmost rank of shun\'ichi, Yotarou struggles to find his own identity in the world of rakugo. Caught between his master\'s teachings and the late Sukeroku\'s unique style, his performance lacks an important ingredient—ego. And while his popularity packs the theaters, he is but one of the few; rakugo is under threat of being eclipsed. Meanwhile Yakumo, regarded by many as the last bastion of preserving the popularity of rakugo, struggles to cope with his elderly state. Even though his performances are still stellar, he fears that he is nearing his limits. His doubts grow stronger as an old friend creeps ever closer. Konatsu, for her part, attempts to raise her son as a single mother, which Yotarou is heavily opposed to. Instead, he seeks to persuade her to marry him and in turn raise her son as his own. In Shouwa Genroku Rakugo Shinjuu: Sukeroku Futatabi-hen, the curtains fall on Yotarou and Yakumo\'s story, tasked with restoring the near-obsolete art form as well as overcoming their internal conflicts. [Written by MAL Rewrite]','2017-01-07'),(336,'Fruits Basket 2nd Season','Anime','TMS Entertainment','A year has passed since Tooru Honda began living in the Souma residence, and she has since created stronger relationships with its inhabitants Shigure, Kyou, and Yuki. She has also grown closer to the rest of the Souma family and has become familiar with their ancestral secret, having helped them with many of their personal issues. The closer Tooru gets, however, the more she begins to realize that their secret holds a darker truth than she first presumed. Summer is approaching and Tooru is invited to spend her days with the Soumas, mainly Kyou and Yuki. Tooru wishes for an easy-going vacation, but her close relationships with the two boys and the rest of the Soumas may prove to cause trouble. As they grow more intimate, their carefree time together is hindered by older hardships and feelings from the past that begin to resurface. The Eternal Banquet also dawns on the members of the zodiac, and they must tend to their duties alongside the unnerving head of the family, Akito Souma. With the banquet approaching and a plethora of feelings to be solved, will Tooru\'s life with the Soumas remain peaceful, or will she find herself in a situation from which she cannot escape? [Written by MAL Rewrite]','2020-04-07'),(337,'Fate/stay night: Heaven\'s Feel - II. Lost Butterfly','Anime','ufotable','The Fifth Holy Grail War continues, and the ensuing chaos results in higher stakes for all participants. Shirou Emiya continues to participate in the war, aspiring to be a hero of justice who saves everyone. He sets out in search of the truth behind a mysterious dark shadow and its murder spree, determined to defeat it. Meanwhile, Shinji Matou sets his own plans into motion, threatening Shirou through his sister Sakura Matou. Shirou and Rin Toosaka battle Shinji, hoping to relieve Sakura from the abuses of her brother. But the ugly truth of the Matou siblings begins to surface, and many dark secrets are exposed. Fate/stay night Movie: Heaven\'s Feel - II. Lost Butterfly continues to focus on the remaining Masters and Servants as they fight each other in the hopes of obtaining the Holy Grail. However, as darkness arises within Fuyuki City, even the state of their sacred war could be in danger. [Written by MAL Rewrite]','2019-01-12'),(338,'JoJo\'s Bizarre Adventure: Golden Wind','Anime','David Production','In the coastal city of Naples, corruption is teeming—the police blatantly conspire with outlaws, drugs run rampant around the youth, and the mafia governs the streets with an iron fist. However, various fateful encounters will soon occur. Enter Giorno Giovanna, a 15-year-old boy with an eccentric connection to the Joestar family, who makes a living out of part-time jobs and pickpocketing. Furthermore, he is gifted with the unexplained Stand ability to give and create life—growing plants from the ground and turning inanimate objects into live animals, an ability he has dubbed \"Gold Experience.\" Fascinated by the might of local gangsters, Giorno has dreamed of rising up in their ranks and becoming a \"Gang-Star,\" a feat made possible by his encounter with Bruno Buccellati, a member of the Passione gang with his own sense of justice. JoJo no Kimyou na Bouken: Ougon no Kaze follows the endeavors of Giorno after joining Bruno\'s team while working under Passione, fending off other gangsters and secretly plotting to overthrow their mysterious boss. [Written by MAL Rewrite]','2018-10-06'),(339,'Attack on Titan Final Season','Anime','MAPPA','Gabii Braun and Falco Grice have been training their entire lives to inherit one of the seven titans under Marley\'s control and aid their nation in eradicating the Eldians on Paradis. However, just as all seems well for the two cadets, their peace is suddenly shaken by the arrival of Eren Yeager and the remaining members of the Survey Corps. Having finally reached the Yeager family basement and learned about the dark history surrounding the titans, the Survey Corps has at long last found the answer they so desperately fought to uncover. With the truth now in their hands, the group set out for the world beyond the walls. In Shingeki no Kyojin: The Final Season, two utterly different worlds collide as each party pursues its own agenda in the long-awaited conclusion to Paradis\' fight for freedom. [Written by MAL Rewrite]','2020-12-07'),(340,'Re:Zero kara Hajimeru Isekai Seikatsu 2nd Season Part 2','Anime','White Fox','After a stern yet compelling speech by Otto, Subaru Natsuki solemnly swears that he will successfully make it through this timeline and save everyone he can along the way. The first step toward achieving this goal is to help Emilia work through her past; however, that is easier said than done. Feeling as if she has been lied to by everyone around her, it will be difficult for Emilia to trust anyone, even Subaru, her self-proclaimed knight. Re:Zero kara Hajimeru Isekai Seikatsu 2nd Season Part 2 presents the culmination of Subaru\'s experiences with the Sanctuary and its people, along with his unwillingness to give up hope on saving them. [Written by MAL Rewrite]','2021-01-06'),(341,'The Shadow that Devours the Sun','Anime','Artland','The entire countryside comes to a halt midday to witness a rare solar eclipse that is rumored to allow the average person to see Mushi. Unable to avert their gaze, the air is full of awe and wonder—but those who know the Mushi are preparing for the eclipse\'s aftermath. Based on a prediction from Tanyuu Karibusa, the cursed recorder, Mushishi Ginko finds himself in a very unlucky farming village. Immediately following the solar eclipse, a strange black cloud begins to gather in the sky and blocks the sun once more. Suspecting it to be the work of a Mushi known as Hihami, Ginko seeks to liberate the village from perpetual darkness. However, it seems that not all of the villagers are eager to return to the light. [Written by MAL Rewrite]','2014-01-04'),(342,'Haikyuu!!: To the Top 2nd Season','Anime','Production I.G','Once called a fallen powerhouse and known as \"Flightless Crows,\" Karasuno High School has finally taken flight at nationals. With a comprehensive performance against Tsubakihara Academy in their first match, the team is now facing its toughest opponent yet: the runners-up of the last Spring Tournament, Inarizaki High School. Furthermore, dealing with the formidable twin Miya brothers only makes things more difficult for Karasuno. As soon as the match begins, Karasuno is overwhelmed by all the noise and jeers from the supporters of Inarizaki High but rekindles its strength thanks to its own loyal fans. Karasuno also gains some momentum by utilizing an attack centered on Shouyou Hinata, but the eccentric play of Atsumu and Osamu Miya delivers an unexpected blow that leaves their opponent astounded. Things are bound to get intense as the match progresses between these two teams. Will Karasuno be able to defeat Inarizaki High and overcome the hurdles that threaten its pursuit to the top? [Written by MAL Rewrite]','2020-10-03'),(343,'Oddtaxi','Anime','OLM','Eccentric and blunt, the walrus Hiroshi Odokawa lives a relatively normal life. He drives a taxi for a living, and there he meets several unique individuals: the jobless Taichi Kabasawa who is dead-set on going viral, the mysterious nurse Miho Shirakawa, the struggling comedic duo \"Homo Sapiens,\" and Dobu, a well-known delinquent. But Odokawa\'s simple way of life is about to be turned upside-down. The case of a missing girl the police have been tracking leads back to him, and now both the yakuza and a duo of corrupt cops are on his tail. Set in a strangely familiar city filled with unusual individuals, Odd Taxi is a bizarre story about a humble taxi driver and the mystery of a lost high schooler. [Written by MAL Rewrite]','2021-04-06'),(344,'Ghost in the Shell: Stand Alone Complex 2nd GIG','Anime','Production I.G','Following the closure of the \"Laughing Man\" case, Section 9 is re-established by Japan\'s newly elected Prime Minister, Youko Kayabuki, to combat the persistent threat of cyber-terrorism. A group calling themselves \"The Individual Eleven\" has begun committing acts of terror across Japan. While Motoko Kusanagi, Daisuke Aramaki, Batou, and the other members of Section 9 investigate this new menace, the Japanese government faces a separate crisis, as foreign refugees displaced by the Third World War seek asylum in Japan. But as the members of the special-ops team continually encounter Gouda Kazundo—a leading member of the Cabinet Intelligence Service—in their hunt, they begin to suspect that he may be involved, and that the events of the refugee crisis and The Individual Eleven may be more connected than they realize... [Written by MAL Rewrite]','2004-01-01'),(345,'Mushi-Shi','Anime','Artland','\"Mushi\": the most basic forms of life in the world. They exist without any goals or purposes aside from simply \"being.\" They are beyond the shackles of the words \"good\" and \"evil.\" Mushi can exist in countless forms and are capable of mimicking things from the natural world such as plants, diseases, and even phenomena like rainbows. This is, however, just a vague definition of these entities that inhabit the vibrant world of Mushishi, as to even call them a form of life would be an oversimplification. Detailed information on Mushi is scarce because the majority of humans are unaware of their existence. So what are Mushi and why do they exist? This is the question that a \"Mushishi,\" Ginko, ponders constantly. Mushishi are those who research Mushi in hopes of understanding their place in the world\'s hierarchy of life. Ginko chases rumors of occurrences that could be tied to Mushi, all for the sake of finding an answer. It could, after all, lead to the meaning of life itself. [Written by MAL Rewrite]','2005-10-23'),(346,'Laid-Back Camp Season 2','Anime','C-Station','Having spent Christmas camping with her new friends, Rin Shima embarks on a solo-camping trip to see the New Year sunrise by the sea. All goes according to plan until unforeseen weather blocks the roads back home, making a return trip impossible. Rin, who is now stranded for a few days, is invited by Nadeshiko Kagamihara to stay at her grandmother\'s house. What is supposed to be a two-day trip becomes an extended period of sightseeing and new experiences for Rin, and she encounters some new and old faces along the way. Yuru Camp△ Season 2 continues the story of Rin, Nadeshiko, and their friends as they further explore the joys of camping. [Written by MAL Rewrite]','2021-01-07'),(347,'Rascal Does Not Dream of a Dreaming Girl','Anime','CloverWorks','Six months ago, Sakuta Azusagawa had a chance encounter with a bunny girl in a library. Ever since then, he\'s been blissfully happy with his girlfriend: Mai Sakurajima, that same bunny girl. However, the reappearance of his mysterious first crush, the now-adult Shouko Makinohara, adds a new complication to his relationship with Mai. To make matters worse, he then encounters a middle school Shouko in the hospital, suffering from a grave illness. Mysteriously, his old scars begin throbbing whenever he\'s near her. With Shouko\'s bizarre situation somehow revolving around him, Sakuta will need to come to terms with his own conflicting feelings, for better or worse. With a girl\'s life in his hands, just what can he do? [Written by MAL Rewrite]','2019-06-15'),(348,'Gintama: The Final','Anime','Bandai Namco Pictures','New Gintama movie.','2021-01-08'),(349,'Natsume\'s Book of Friends Season 5','Anime','Shuka','Season 5 of Natsume Yuujinchou.','2016-10-05'),(350,'Great Teacher Onizuka','Anime','Studio Pierrot','Twenty-two-year-old Eikichi Onizuka—ex-biker gang leader, conqueror of Shonan, and virgin—has a dream: to become the greatest high school teacher in all of Japan. This isn\'t because of a passion for teaching, but because he wants a loving teenage wife when he\'s old and gray. Still, for a perverted, greedy, and lazy delinquent, there is more to Onizuka than meets the eye. So when he lands a job as the homeroom teacher of the Class 3-4 at the prestigious Holy Forest Academy—despite suplexing the Vice Principal—all of his talents are put to the test, as this class is particularly infamous. Due to their utter contempt for all teachers, the class\' students use psychological warfare to mentally break any new homeroom teacher they get, forcing them to quit and leave school. However, Onizuka isn\'t your average teacher, and he\'s ready for any challenge in his way. Bullying, suicide, and sexual harassment are just a few of the issues his students face daily. By tackling the roots of their problems, Onizuka supports them with his unpredictable and unconventional methods—even if it means jumping off a building to save a suicidal child. Thanks to his eccentric charm and fun-loving nature, Class 3-4 slowly learns just how enjoyable school can be when you\'re the pupils of the Great Teacher Onizuka. [Written by MAL Rewrite]','1999-06-03'),(351,'Attack on Titan Season 3','Anime','Wit Studio','Still threatened by the \"Titans\" that rob them of their freedom, mankind remains caged inside the two remaining walls. Efforts to eradicate these monsters continue; however, threats arise not only from the Titans beyond the walls, but from the humans within them as well. After being rescued from the Colossal and Armored Titans, Eren Yaeger devotes himself to improving his Titan form. Krista Lenz struggles to accept the loss of her friend, Captain Levi chooses Eren and his friends to form his new personal squad, and Commander Erwin Smith recovers from his injuries. All seems well for the soldiers, until the government suddenly demands custody of Eren and Krista. The Survey Corps\' recent successes have drawn attention, and a familiar face from Levi\'s past is sent to collect the wanted soldiers. Sought after by the government, Levi and his new squad must evade their adversaries in hopes of keeping Eren and Krista safe. In Shingeki no Kyojin Season 3, Eren and his fellow soldiers are not only fighting for their survival against the terrifying Titans, but also against the terror of a far more conniving foe: humans. [Written by MAL Rewrite]','2018-07-23'),(352,'I want to eat your pancreas','Anime','Studio VOLN','The aloof protagonist: a bookworm who is deeply detached from the world he resides in. He has no interest in others and is firmly convinced that nobody has any interest in him either. His story begins when he stumbles across a handwritten book, titled \"Living with Dying.\" He soon identifies it as a secret diary belonging to his popular, bubbly classmate Sakura Yamauchi. She then confides in him about the pancreatic disease she is suffering from and that her time left is finite. Only her family knows about her terminal illness; not even her best friends are aware. Despite this revelation, he shows zero sympathy for her plight, but caught in the waves of Sakura\'s persistent buoyancy, he eventually concedes to accompanying her for her remaining days. As the pair of polar opposites interact, their connection strengthens, interweaving through their choices made with each passing day. Her apparent nonchalance and unpredictability disrupts the protagonist\'s impassive flow of life, gradually opening his heart as he discovers and embraces the true meaning of living. [Written by MAL Rewrite]','2018-09-01'),(353,'Fate/Zero Season 2','Anime','ufotable','As the Fourth Holy Grail War rages on with no clear victor in sight, the remaining Servants and their Masters are called upon by Church supervisor Risei Kotomine, in order to band together and confront an impending threat that could unravel the Grail War and bring about the destruction of Fuyuki City. The uneasy truce soon collapses as Masters demonstrate that they will do anything in their power, no matter how despicable, to win. Seeds of doubt are sown between Kiritsugu Emiya and Saber, his Servant, as their conflicting ideologies on heroism and chivalry clash. Meanwhile, an ominous bond forms between Kirei Kotomine, who still seeks to find his purpose in life, and one of the remaining Servants. As the countdown to the end of the war reaches zero, the cost of winning begins to blur the line between victory and defeat. [Written by MAL Rewrite]','2012-04-08'),(354,'Cowboy Bebop','Anime','Sunrise','In the year 2071, humanity has colonized several of the planets and moons of the solar system leaving the now uninhabitable surface of planet Earth behind. The Inter Solar System Police attempts to keep peace in the galaxy, aided in part by outlaw bounty hunters, referred to as \"Cowboys.\" The ragtag team aboard the spaceship Bebop are two such individuals. Mellow and carefree Spike Spiegel is balanced by his boisterous, pragmatic partner Jet Black as the pair makes a living chasing bounties and collecting rewards. Thrown off course by the addition of new members that they meet in their travels—Ein, a genetically engineered, highly intelligent Welsh Corgi; femme fatale Faye Valentine, an enigmatic trickster with memory loss; and the strange computer whiz kid Edward Wong—the crew embarks on thrilling adventures that unravel each member\'s dark and mysterious past little by little. Well-balanced with high density action and light-hearted comedy, Cowboy Bebop is a space Western classic and an homage to the smooth and improvised music it is named after. [Written by MAL Rewrite]','1998-04-03'),(355,'Legend of the Galactic Heroes','Anime','K-Factory','The 150-year-long stalemate between the two interstellar superpowers, the Galactic Empire and the Free Planets Alliance, comes to an end when a new generation of leaders arises: the idealistic military genius Reinhard von Lohengramm, and the FPA\'s reserved historian, Yang Wenli. While Reinhard climbs the ranks of the Empire with the aid of his childhood friend, Siegfried Kircheis, he must fight not only the war, but also the remnants of the crumbling Goldenbaum Dynasty in order to free his sister from the Kaiser and unify humanity under one genuine ruler. Meanwhile, on the other side of the galaxy, Yang—a strong supporter of democratic ideals—has to stand firm in his beliefs, despite the struggles of the FPA, and show his pupil, Julian Mintz, that autocracy is not the solution. As ideologies clash amidst the war\'s many casualties, the two strategic masterminds must ask themselves what the real reason behind their battle is. [Written by MAL Rewrite]','1988-01-08'),(356,'Showa Genroku Rakugo Shinju','Anime','Studio Deen','Yotarou is a former yakuza member fresh out of prison and fixated on just one thing: rather than return to a life of crime, the young man aspires to take to the stage of rakugo, a traditional Japanese form of comedic storytelling. Inspired during his incarceration by the performance of distinguished practitioner Yakumo Yuurakutei, he sets his mind on meeting the man who changed his life. After hearing Yotarou\'s desperate appeal for his mentorship, Yakumo is left with no choice but to accept his very first apprentice. As he eagerly begins his training, Yotarou meets Konatsu, an abrasive young woman who has been under Yakumo\'s care ever since her beloved father Sukeroku Yuurakutei, another prolific rakugo performer, passed away. Through her hidden passion, Yotarou is drawn to Sukeroku\'s unique style of rakugo despite learning under contrasting techniques. Upon seeing this, old memories and feelings return to Yakumo who reminisces about a much earlier time when he made a promise with his greatest rival. Shouwa Genroku Rakugo Shinjuu is a story set in both the past and present, depicting the art of rakugo, the relationships it creates, and the lives and hearts of those dedicated to keeping the unique form of storytelling alive. [Written by MAL Rewrite]','2016-01-09'),(357,'Tian Guan Ci Fu Special','Anime','Haoliners Animation League','Special episode of Tian Guan Ci Fu.','2021-02-16'),(358,'Your Lie in April','Anime','A-1 Pictures','Music accompanies the path of the human metronome, the prodigious pianist Kousei Arima. But after the passing of his mother, Saki Arima, Kousei falls into a downward spiral, rendering him unable to hear the sound of his own piano. Two years later, Kousei still avoids the piano, leaving behind his admirers and rivals, and lives a colorless life alongside his friends Tsubaki Sawabe and Ryouta Watari. However, everything changes when he meets a beautiful violinist, Kaori Miyazono, who stirs up his world and sets him on a journey to face music again. Based on the manga series of the same name, Shigatsu wa Kimi no Uso approaches the story of Kousei\'s recovery as he discovers that music is more than playing each note perfectly, and a single melody can bring in the fresh spring air of April. [Written by MAL Rewrite]','2014-10-01'),(359,'Code Geass: Lelouch of the Rebellion R2','Anime','Sunrise','One year has passed since the Black Rebellion, a failed uprising against the Holy Britannian Empire led by the masked vigilante Zero, who is now missing. At a loss without their revolutionary leader, Area 11\'s resistance group—the Black Knights—find themselves too powerless to combat the brutality inflicted upon the Elevens by Britannia, which has increased significantly in order to crush any hope of a future revolt. Lelouch Lamperouge, having lost all memory of his double life, is living peacefully alongside his friends as a high school student at Ashford Academy. His former partner C.C., unable to accept this turn of events, takes it upon herself to remind him of his past purpose, hoping that the mastermind Zero will rise once again to finish what he started, in this thrilling conclusion to the series. [Written by MAL Rewrite]','2008-04-06'),(360,'Monogatari Series: Second Season','Anime','Shaft','Apparitions, oddities, and gods continue to manifest around Koyomi Araragi and his close-knit group of friends: Tsubasa Hanekawa, the group\'s modest genius; Shinobu Oshino, the resident doughnut-loving vampire; athletic deviant Suruga Kanbaru; bite-happy spirit Mayoi Hachikuji; Koyomi\'s cutesy stalker Nadeko Sengoku; and Hitagi Senjogahara, the poignant tsundere. Monogatari Series: Second Season revolves around these individuals and their struggle to overcome the darkness that is rapidly approaching. A new semester has begun and with graduation looming over Araragi, he must quickly decide the paths he will walk, as well as the relationships and friends that he\'ll save. But as strange events begin to unfold, Araragi is nowhere to be found, and a vicious tiger apparition has appeared in his absence. Hanekawa has become its target, and she must fend for herself—or bow to the creature\'s perspective on the feebleness of humanity. [Written by MAL Rewrite]','2013-07-07'),(361,'Assassination Classroom Second Season','Anime','Lerche','The students return as school is back in session for the second semester. Following their exploits on the island during summer vacation, Class 3-E continues to sharpen their blades with their sights set on their teacher, the slippery Koro-sensei. They have more to worry about than just their teacher, however, as enemy assassins, both old and new, are out for the increased bounty on the octopus\' head. Moreover, their rivals in Class A, as well as Kunugigaoka Junior High\'s fearsome principal, stand to block Class E from achieving academic excellence. With all of these obstacles opposing them, the group must continue to work together in order to overcome their foes and accomplish their goal of successfully assassinating their teacher. [Written by MAL Rewrite]','2016-01-08'),(362,'Fighting Spirit','Anime','Madhouse','Makunouchi Ippo has been bullied his entire life. Constantly running errands and being beaten up by his classmates, Ippo has always dreamed of changing himself, but never has the passion to act upon it. One day, in the midst of yet another bullying, Ippo is saved by Takamura Mamoru, who happens to be a boxer. Ippo faints from his injuries and is brought to the Kamogawa boxing gym to recover. As he regains consciousness, he is awed and amazed at his new surroundings in the gym, though lacks confidence to attempt anything. Takamura places a photo of Ippo\'s classmate on a punching bag and forces him to punch it. It is only then that Ippo feels something stir inside him and eventually asks Takamura to train him in boxing. Thinking that Ippo does not have what it takes, Takamura gives him a task deemed impossible and gives him a one week time limit. With a sudden desire to get stronger, for himself and his hard working mother, Ippo trains relentlessly to accomplish the task within the time limit. Thus Ippo\'s journey to the top of the boxing world begins. [Written by MAL Rewrite]','2000-10-04'),(363,'Gurren Lagann','Anime','Gainax','Simon and Kamina were born and raised in a deep, underground village, hidden from the fabled surface. Kamina is a free-spirited loose cannon bent on making a name for himself, while Simon is a timid young boy with no real aspirations. One day while excavating the earth, Simon stumbles upon a mysterious object that turns out to be the ignition key to an ancient artifact of war, which the duo dubs Lagann. Using their new weapon, Simon and Kamina fend off a surprise attack from the surface with the help of Yoko Littner, a hot-blooded redhead wielding a massive gun who wanders the world above. In the aftermath of the battle, the sky is now in plain view, prompting Simon and Kamina to set off on a journey alongside Yoko to explore the wastelands of the surface. Soon, they join the fight against the \"Beastmen,\" humanoid creatures that terrorize the remnants of humanity in powerful robots called \"Gunmen.\" Although they face some challenges and setbacks, the trio bravely fights these new enemies alongside other survivors to reclaim the surface, while slowly unraveling a galaxy-sized mystery. [Written by MAL Rewrite]','2007-04-01'),(364,'Mushishi Zoku Shou: Suzu no Shizuku','Anime','Artland','On a warm summer day, a boy heard the sound of bells ringing, as if in celebration, in the mountain near his home. Several years later in that same mountain, the mushishi Ginko encounters a strange girl with weeds growing out of her body. Soon after, Ginko coincidentally runs into the now grown-up boy Yoshiro on his way off the mountain. With Yoshiro’s help, Ginko soon begins to uncover who this mysterious girl is and what happened to her. An adaptation of the last arc in the manga, Mushishi Zoku Shou: Suzu no Shizuku follows Ginko’s peculiar journey amidst the occult to unravel the mystery behind the enigmatic girl called Kaya and the mountain that has become her home. [Written by MAL Rewrite]','2015-05-16'),(365,'Gintama Season 5','Anime','Bandai Namco Pictures','After joining the resistance against the bakufu, Gintoki and the gang are in hiding, along with Katsura and his Joui rebels. The Yorozuya is soon approached by Nobume Imai and two members of the Kiheitai, who explain that the Harusame pirates have turned against 7th Division Captain Kamui and their former ally Takasugi. The Kiheitai present Gintoki with a job: find Takasugi, who has been missing since his ship was ambushed in a Harusame raid. Nobume also makes a stunning revelation regarding the Tendoushuu, a secret organization pulling the strings of numerous factions, and their leader Utsuro, the shadowy figure with an uncanny resemblance to Gintoki\'s former teacher. Hitching a ride on Sakamoto\'s space ship, the Yorozuya and Katsura set out for Rakuyou, Kagura\'s home planet, where the various factions have gathered and tensions are brewing. Long-held grudges, political infighting, and the Tendoushuu\'s sinister overarching plan finally culminate into a massive, decisive battle on Rakuyou. [Written by MAL Rewrite]','2017-01-09'),(366,'Neon Genesis Evangelion: The End of Evangelion','Anime','Gainax','Shinji Ikari is left emotionally comatose after the death of a dear friend. With his son mentally unable to pilot the humanoid robot Evangelion Unit-01, Gendou Ikari\'s NERV races against the shadow organization SEELE to see who can enact their ultimate plan first. SEELE desires to create a godlike being by fusing their own souls into an Evangelion unit, while Gendou wishes to revert all of humanity into one primordial being so that he can be reunited with Yui, his deceased wife. SEELE unleashes its military forces in a lethal invasion of NERV headquarters. As SEELE\'s forces cut down NERV\'s scientists and security personnel, Asuka Langley Souryuu pilots Evangelion Unit-02 in a desperate last stand against SEELE\'s heaviest weaponry. The battle rages on, and a depressed Shinji hides deep within NERV\'s headquarters. With the fate of the world resting in Shinji\'s hands, Captain Misato Katsuragi hunts for the teenage boy as society crumbles around them. [Written by MAL Rewrite]','1997-07-19'),(367,'Kizumonogatari III: Reiketsu-hen','Anime','Shaft','After helping revive the legendary vampire Kiss-shot Acerola-orion Heart-under-blade, Koyomi Araragi has become a vampire himself and her servant. Kiss-shot is certain she can turn him back into a human, but only once regaining her full power. Araragi has hunted down the three vampire hunters that defeated Kiss-shot and retrieved her limbs to return her to full strength. However, now that Araragi has almost accomplished what he’s been fighting for this whole time, he has to consider if this is what he really wants. Once he revives this powerful immortal vampire, there is no telling what she might do, and there would be no way of stopping her. But there is more to the story that Araragi doesn’t understand. If a newborn vampire like him could defeat the hunters, how did they overpower Kiss-shot? Can he trust her to turn him back to a human? And how is that even possible in the first place? Araragi is at his limit but he must come to a decision, and it may not be possible to resolve this situation without doing something he’ll regret… [Written by MAL Rewrite]','2017-01-06'),(368,'Evangelion: 3.0+1.0 Thrice Upon a Time','Anime','Khara','Shinji Ikari is still adrift after losing his will to live, but the place he arrives at teaches him what it means to hope. Finally, the Instrumentality Project is set in motion and Wille make one last grueling stand to prevent the Final Impact. (Source: IMDB)','2021-03-08'),(369,'Monster','Anime','Madhouse','Dr. Kenzou Tenma, an elite neurosurgeon recently engaged to his hospital director\'s daughter, is well on his way to ascending the hospital hierarchy. That is until one night, a seemingly small event changes Dr. Tenma\'s life forever. While preparing to perform surgery on someone, he gets a call from the hospital director telling him to switch patients and instead perform life-saving brain surgery on a famous performer. His fellow doctors, fiancée, and the hospital director applaud his accomplishment; but because of the switch, a poor immigrant worker is dead, causing Dr. Tenma to have a crisis of conscience. So when a similar situation arises, Dr. Tenma stands his ground and chooses to perform surgery on the young boy Johan Liebert instead of the town\'s mayor. Unfortunately, this choice leads to serious ramifications for Dr. Tenma—losing his social standing being one of them. However, with the mysterious death of the director and two other doctors, Dr. Tenma\'s position is restored. With no evidence to convict him, he is released and goes on to attain the position of hospital director. Nine years later when Dr. Tenma saves the life of a criminal, his past comes back to haunt him—once again, he comes face to face with the monster he operated on. He must now embark on a quest of pursuit to make amends for the havoc spread by the one he saved. [Written by MAL Rewrite]','2004-04-07'),(370,'Fighting Spirit: New Challenger','Anime','Madhouse','Japanese Featherweight Champion Ippo Makunouchi has successfully defended and retained his title. Meanwhile, his rival, Ichirou Miyata, has resurfaced in Japan, aiming for his own Featherweight belt in the Oriental Pacific Boxing Federation. When the rest of the world comes knocking, however, will Japan\'s best fighters rise to the challenge and achieve glory at the top? Or will the small island nation be crushed under the weight of greater entities? This time, champions will become challengers issuing a call to the rest of the world and ready to show off their fighting spirit! [Written by MAL Rewrite]','2009-01-07'),(371,'Gintama Season 2','Anime','Sunrise','After a one-year hiatus, Shinpachi Shimura returns to Edo, only to stumble upon a shocking surprise: Gintoki and Kagura, his fellow Yorozuya members, have become completely different characters! Fleeing from the Yorozuya headquarters in confusion, Shinpachi finds that all the denizens of Edo have undergone impossibly extreme changes, in both appearance and personality. Most unbelievably, his sister Otae has married the Shinsengumi chief and shameless stalker Isao Kondou and is pregnant with their first child. Bewildered, Shinpachi agrees to join the Shinsengumi at Otae and Kondou\'s request and finds even more startling transformations afoot both in and out of the ranks of the the organization. However, discovering that Vice Chief Toushirou Hijikata has remained unchanged, Shinpachi and his unlikely Shinsengumi ally set out to return the city of Edo to how they remember it. With even more dirty jokes, tongue-in-cheek parodies, and shameless references, Gintama\' follows the Yorozuya team through more of their misadventures in the vibrant, alien-filled world of Edo. [Written by MAL Rewrite]','2011-04-04');
/*!40000 ALTER TABLE `works` ENABLE KEYS */;
UNLOCK TABLES;
/*!40103 SET TIME_ZONE=@OLD_TIME_ZONE */;

/*!40101 SET SQL_MODE=@OLD_SQL_MODE */;
/*!40014 SET FOREIGN_KEY_CHECKS=@OLD_FOREIGN_KEY_CHECKS */;
/*!40014 SET UNIQUE_CHECKS=@OLD_UNIQUE_CHECKS */;
/*!40101 SET CHARACTER_SET_CLIENT=@OLD_CHARACTER_SET_CLIENT */;
/*!40101 SET CHARACTER_SET_RESULTS=@OLD_CHARACTER_SET_RESULTS */;
/*!40101 SET COLLATION_CONNECTION=@OLD_COLLATION_CONNECTION */;
/*!40111 SET SQL_NOTES=@OLD_SQL_NOTES */;

-- Dump completed on 2021-09-14 17:00:59
